Star ID,RA,DE,Magnitude
180,0.26840197,1.50080993,4.5
307,0.47478673,1.55384598,2.1
1550,2.48763146,1.42331756,4.6
2769,-1.8717998,1.43331063,4.4
2936,-1.62182262,1.51162375,4.4
4553,0.5140378,1.23335277,4.6
4559,0.5197555,1.25979237,4.1
4839,0.81359389,1.29514155,4.9
5005,0.98193817,1.24234277,4.7
6021,1.80120387,1.34469707,4.8
6896,2.48751874,1.22263451,4.6
7592,-3.00476247,1.22284051,3.9
8023,-2.49755241,1.32502372,4.4
8101,-2.39621742,1.2978248,2.2
8219,-2.26548485,1.25684539,3.1
8327,-2.15636795,1.36047004,4.3
8889,-1.64575225,1.25967301,4.9
9083,-1.47709359,1.24462449,4.2
9086,-1.47498655,1.26905872,3.7
9282,-1.33074686,1.2432117,4.9
9365,-1.23689506,1.27868576,4.6
9539,-1.09802567,1.2241863,4.0
9664,-1.00090458,1.3537082,4.4
10056,-0.66312868,1.22768326,3.3
10125,-0.60564851,1.24059816,4.9
10628,-0.23430994,1.31104072,4.6
10817,-0.09915411,1.35006905,3.4
11255,0.13150628,1.09355607,4.2
11443,0.21845698,1.06203988,4.9
11481,0.23418858,1.05499035,2.8
12030,0.48333826,1.10697455,3.4
12297,0.63230778,1.17249891,4.6
12703,0.85330544,1.14269479,4.8
12915,0.98139399,1.14098893,4.7
12968,1.01661409,1.09830084,4.9
13297,1.26127856,1.15646796,4.4
13350,1.30446033,1.05368736,4.2
13787,1.62900306,1.21022614,4.7
14572,2.20839645,1.06268522,3.5
14615,2.25088977,1.12581891,4.8
14787,2.38245668,1.17529342,4.9
14795,2.38594661,1.11210058,4.7
14907,2.4766633,1.10447882,3.8
15162,2.70766294,1.14877799,4.9
15383,2.88267088,1.08247647,2.0
15531,3.00396952,1.21487565,4.1
16198,-2.66175625,1.13393629,4.8
16272,-2.60476115,1.12773272,3.6
16557,-2.37024423,1.1542065,4.9
17073,-1.99269505,1.07559357,2.9
17280,-1.85115393,1.13814472,4.8
17364,-1.79491507,1.14800966,3.2
17575,-1.67010933,1.20045918,4.9
18221,-1.25425003,1.17938215,3.2
18298,-1.21991998,1.14525189,4.6
18395,-1.16736455,1.21433275,4.8
18675,-1.03585822,1.18212707,4.7
18896,-0.92177542,1.09651435,4.3
19018,-0.85401228,1.07589299,3.6
19301,-0.7095359,1.08861877,2.6
19540,-0.62579725,1.07958955,4.9
19623,-0.59339237,1.06272371,4.5
19752,-0.54436433,1.10631345,4.9
19826,-0.51338569,1.1237093,4.6
20267,-0.31462438,1.15082066,3.7
20553,-0.18954057,1.18399316,4.9
21132,0.02834233,1.02754694,2.4
21488,0.12654089,0.94678057,4.9
21565,0.14910443,0.93588152,3.7
21608,0.16430189,0.98198332,2.5
21636,0.17132007,0.87682976,4.9
21731,0.20097795,1.00445226,3.6
21854,0.23417229,1.02819775,4.8
22069,0.29689171,0.95791582,4.5
22267,0.3600831,1.04678236,2.8
22396,0.39551074,1.02933057,4.9
22553,0.43856903,0.8803049,4.2
23318,0.62078991,0.87360051,4.9
23654,0.72881569,0.97196625,4.0
23684,0.7448088,0.91733487,4.1
23788,0.79045925,0.93047522,3.1
24053,0.89448605,1.0431496,4.4
24060,0.89842271,1.02463631,4.8
24411,1.05962604,0.87646237,4.3
24530,1.11035251,0.87571381,4.6
24928,1.27963135,0.93679627,4.4
25449,1.5300149,0.97211228,4.9
25501,1.55076272,0.94742357,3.9
25664,1.63717331,1.03029811,4.4
25938,1.753282,1.03838315,4.9
26050,1.80184346,1.02085724,4.5
26686,2.11492505,0.9015106,4.9
27135,2.37956125,0.90421761,4.5
27190,2.4111888,0.94648813,4.9
27288,2.48502081,0.90593826,3.3
27297,2.49324968,0.91237188,4.6
27400,2.5632416,1.03454542,3.9
27407,2.56876411,0.94769725,4.5
27669,2.73772682,0.98153269,4.8
27875,2.87472099,0.98874415,2.4
28178,3.10323658,0.94200258,2.5
28314,-3.08504515,1.0002528,3.4
28552,-2.91542095,0.98141386,1.7
28600,-2.8859491,0.98847585,4.9
28736,-2.78416987,0.96317672,2.4
28737,-2.784105,0.96311452,4.0
28750,-2.77845675,0.96426043,4.0
28842,-2.71030986,0.95878218,4.8
29045,-2.56697805,0.90797627,4.6
29070,-2.5551858,0.90054107,4.9
29136,-2.51548414,0.90898842,4.1
29519,-2.25229351,1.03219819,3.5
29764,-2.09026238,1.02447768,4.1
30075,-1.90090767,0.99257985,4.9
30428,-1.70474969,0.91346485,3.0
30630,-1.60281583,0.99274173,3.9
30652,-1.59068027,0.89874048,2.4
30948,-1.46966373,1.02575182,4.9
31217,-1.35061016,1.03544741,4.9
31218,-1.35060478,1.0354477,4.8
31536,-1.23941749,0.92983327,4.0
31701,-1.1848841,0.90098255,3.9
31814,-1.15584618,0.87448811,4.6
32113,-1.07191031,0.912903,4.8
32377,-0.9938096,0.98461266,4.3
32861,-0.85472925,1.00181472,4.6
33664,-0.609487,0.88943482,4.8
33692,-0.60224759,1.02189343,4.0
34136,-0.48382447,1.01149345,3.6
34226,-0.46606116,0.9912374,4.2
34394,-0.42940066,0.90718816,4.6
34507,-0.40444158,1.01506294,4.0
34541,-0.39607643,0.87310076,3.9
34627,-0.36951434,0.89511998,4.8
35146,-0.24220159,1.03235067,4.9
35477,-0.14087904,1.01705814,4.9
35878,-0.03545766,0.99869931,4.8
35937,-0.01805796,0.89203962,4.8
35946,-0.01544055,0.96825044,4.9
36619,0.18294353,0.83795197,4.7
36698,0.205282,0.71221665,4.4
36971,0.29054831,0.81988199,4.3
37361,0.40950821,0.71831028,4.2
37374,0.41412562,0.84431592,3.8
37417,0.42594005,0.70379757,4.9
37733,0.52717503,0.73462368,2.3
38287,0.701497,0.85553349,4.2
38591,0.80680434,0.711476,2.9
38596,0.80915711,0.86261264,4.2
38608,0.81206941,0.7796299,4.0
38786,0.87589647,0.86716703,1.9
38848,0.89223174,0.85329501,4.9
38871,0.89788748,0.86110206,4.7
38889,0.90337348,0.83469324,4.5
38979,0.92906146,0.83824969,4.3
39052,0.95711246,0.83129228,3.1
39077,0.96773279,0.74041046,3.9
39335,1.06910951,0.83044598,4.0
39403,1.09614008,0.84272122,4.3
39408,1.09728225,0.70439758,4.9
39482,1.1254219,0.809508,4.9
39638,1.1921417,0.71844816,4.5
39954,1.30190873,0.76360753,3.5
39965,1.30453764,0.71567124,3.9
40025,1.32210247,0.7185345,3.3
40185,1.36568131,0.80196929,0.2
40232,1.37715285,0.69912319,4.9
40749,1.55273065,0.78443188,2.1
40755,1.55431454,0.80170958,4.6
41462,1.80629471,0.78821357,4.8
41680,1.89690412,0.86491774,4.8
41763,1.93272286,0.86067354,4.5
42318,2.1791275,0.75660426,4.4
42629,2.33784135,0.84193738,3.1
42641,2.34485532,0.73272699,4.1
42660,2.35715922,0.82651419,3.7
43267,2.67946969,0.75336914,3.5
43309,2.70245829,0.72870526,3.2
43378,2.75029573,0.71005923,4.8
43511,2.84099657,0.75846172,4.8
43628,2.90972443,0.78138686,3.1
43885,3.0692364,0.83874784,3.9
44229,-3.00470873,0.72656166,4.3
44548,-2.81302373,0.71271121,4.7
44667,-2.73836436,0.85994239,4.6
44751,-2.68094978,0.86502459,1.9
44964,-2.55480067,0.80838774,4.3
45336,-2.35592804,0.70837484,3.6
45356,-2.34686578,0.83510766,4.9
45771,-2.13390585,0.74334441,4.6
45864,-2.08899214,0.80589943,4.6
45910,-2.06301524,0.78653389,4.3
46027,-2.01482946,0.81038352,3.9
46160,-1.95263625,0.74244891,4.3
46304,-1.8859558,0.80406378,4.9
46871,-1.66656661,0.80341035,3.8
47918,-1.33599659,0.7658384,4.3
48795,-1.11957991,0.78553503,3.0
49336,-0.99459456,0.81312892,4.0
49384,-0.98643922,0.83007709,4.2
49527,-0.95804562,0.69980227,2.3
49711,-0.92280357,0.85141995,4.9
49940,-0.87386169,0.78715862,1.3
50098,-0.84110463,0.80159307,4.9
50179,-0.82259337,0.77138588,4.7
50273,-0.80587537,0.71512854,4.0
50334,-0.79358702,0.82597746,4.9
50423,-0.77182903,0.76319045,3.9
50455,-0.76411824,0.82810162,4.9
51034,-0.64534799,0.79185734,4.2
51292,-0.58929878,0.85656566,4.3
51903,-0.44088936,0.80781372,4.7
51969,-0.4254949,0.85909319,4.6
52054,-0.40385937,0.82816673,4.6
52078,-0.40000931,0.74816399,4.5
52250,-0.35641215,0.76820405,4.6
52608,-0.26348122,0.73403274,3.6
52648,-0.2533733,0.86882437,4.9
52786,-0.21706667,0.85753005,4.6
53203,-0.10860892,0.80611823,4.0
53215,-0.10613019,0.75033751,4.3
53263,-0.09626515,0.76893951,4.3
53776,0.06314449,0.67027867,4.4
53797,0.06853901,0.63718941,4.5
54032,0.14923919,0.58371446,4.5
54057,0.15990547,0.53385642,3.5
54280,0.23548565,0.66721508,3.9
54470,0.2920122,0.61707929,2.4
55288,0.54742638,0.65664523,4.8
55305,0.55222065,0.60653353,3.1
55426,0.58614054,0.5867286,4.1
55927,0.73049782,0.66521731,4.3
55945,0.73489525,0.60834033,4.7
56046,0.76600139,0.68877805,4.6
56137,0.79396446,0.67453514,3.7
56223,0.82053506,0.68806401,4.8
56339,0.8534455,0.59413102,4.9
56672,0.96506513,0.56080081,3.9
56798,1.00785195,0.55391199,2.9
56839,1.02315798,0.69581691,3.0
56855,1.02849527,0.62219291,4.0
57521,1.28165215,0.57750977,2.9
57754,1.35264159,0.67068286,4.8
57852,1.3739805,0.58156795,4.8
58163,1.43758728,0.56124689,4.9
58464,1.5084358,0.68358002,4.6
58501,1.51853434,0.68305143,4.2
58635,1.55469764,0.64945665,2.7
59569,1.78675698,0.59382195,3.6
59857,1.86732086,0.52934212,4.5
60117,1.94559481,0.55650948,4.2
60197,1.96965163,0.55850085,1.6
60246,1.98926033,0.60564452,4.9
61253,2.37083424,0.67462919,4.7
61390,2.42486905,0.64604119,3.8
61413,2.43479722,0.60397395,3.3
61569,2.49218248,0.63915111,4.6
61873,2.63756796,0.61940489,4.5
62037,2.7185831,0.59430934,4.8
62052,2.72706882,0.64514583,4.4
62172,2.77468606,0.5626335,4.8
62296,2.83843123,0.60187495,3.9
62483,2.94750928,0.5552032,3.9
62485,2.9486572,0.58237061,3.7
62490,2.95140427,0.67125547,4.8
63256,-2.90732015,0.67348775,2.9
63647,-2.72602975,0.63789341,4.9
64052,-2.54869325,0.62377035,4.8
64201,-2.48851618,0.5338969,3.8
64202,-2.48681514,0.67240807,3.0
64588,-2.29735384,0.58469112,3.5
64685,-2.25758375,0.65539775,4.5
64768,-2.22131718,0.55024641,4.2
64947,-2.14088186,0.62502737,4.8
65107,-2.06323581,0.63908435,4.9
65253,-2.00648744,0.54117332,4.7
65484,-1.92248111,0.55313421,3.0
65503,-1.91471497,0.68096348,3.6
65715,-1.83968821,0.54103229,3.9
65889,-1.7745481,0.64340511,3.4
65912,-1.76506609,0.57862542,4.6
65920,-1.76302318,0.65175472,4.8
66000,-1.73679582,0.64910225,4.5
66484,-1.59463584,0.65024025,4.0
66523,-1.58568579,0.52695504,4.5
66868,-1.49178723,0.62903295,4.3
67173,-1.41701427,0.67607113,0.1
67314,-1.38438606,0.69044251,4.5
67320,-1.38295969,0.65540158,4.3
67450,-1.36034342,0.58125529,3.9
67451,-1.36034291,0.58125549,3.8
67558,-1.34061597,0.64287715,4.5
67662,-1.32177463,0.56932281,3.3
68009,-1.2563978,0.68170665,4.5
68064,-1.2451573,0.66398642,4.5
68446,-1.17848092,0.59944303,4.9
68636,-1.14580763,0.52424411,4.8
68942,-1.09675878,0.57223427,4.2
69100,-1.07305714,0.66938298,4.9
69115,-1.07150663,0.60998404,4.0
69517,-1.01417505,0.64038598,4.8
69772,-0.9776389,0.66107036,4.9
69949,-0.95180919,0.55898964,4.6
70094,-0.92785688,0.52710083,4.1
70202,-0.90776086,0.61223857,4.9
70466,-0.85697309,0.53295801,4.3
70473,-0.85439916,0.58960689,2.6
70504,-0.84884589,0.63366094,4.5
71069,-0.73824831,0.52396486,3.4
71120,-0.7295797,0.66027881,3.8
71164,-0.71798838,0.68389515,4.3
71172,-0.71619913,0.60538621,4.4
72076,-0.48972571,0.57477556,4.4
72154,-0.47242376,0.68881576,4.6
72190,-0.46344491,0.65448422,4.2
72574,-0.36209967,0.67700565,4.9
73764,0.02529571,0.50290751,2.1
74163,0.156674,0.50685389,4.5
74266,0.1949655,0.41880121,4.3
74387,0.23793835,0.40401216,4.6
74543,0.30002472,0.36249354,4.9
74545,0.30063107,0.52053994,4.7
74570,0.30991645,0.42445283,4.6
74636,0.33471801,0.47127182,4.7
74995,0.48094294,0.51201241,3.6
75011,0.48813515,0.3589177,2.7
75050,0.50237682,0.40758892,4.8
75150,0.5425732,0.405387,2.2
75531,0.70036071,0.47988938,4.6
75577,0.71961875,0.50685651,4.6
75595,0.72882304,0.47221119,3.7
75672,0.76945932,0.36899126,4.6
75870,0.86091733,0.50385314,4.7
76130,0.96822541,0.41814123,3.8
76139,0.96964473,0.42432304,4.4
76154,0.97234882,0.42259759,4.0
76171,0.97456241,0.4152865,4.3
76198,0.97959689,0.41804306,3.0
76227,0.98691316,0.41717083,3.8
76429,1.05476537,0.38304649,4.5
76531,1.10970907,0.35704443,4.8
76600,1.14486931,0.38713313,4.4
76607,1.14891244,0.39622247,4.4
76720,1.21841458,0.39903075,4.3
76919,1.30944949,0.37560087,4.7
77167,1.40991406,0.49859083,1.8
77183,1.41646196,0.38215841,4.8
77335,1.46020522,0.36850688,3.0
77674,1.52796189,0.48175199,4.5
77704,1.53335874,0.35375574,4.6
77774,1.54850143,0.45290611,4.9
77910,1.57493828,0.35153336,4.7
77914,1.57550683,0.4061018,4.3
78134,1.62253865,0.39310322,3.7
78142,1.62399113,0.51519327,4.5
78296,1.65777889,0.39341651,3.2
78422,1.68421561,0.35335189,4.1
78681,1.74906448,0.43951715,3.2
79030,1.83758641,0.36033025,3.9
79293,1.90737326,0.38530121,3.5
79373,1.93130682,0.48693314,3.9
79532,1.97590202,0.47138914,4.2
79637,2.00795637,0.50625481,4.3
79652,2.01337235,0.42794736,3.7
79665,2.01698372,0.49128648,1.2
80377,2.27065169,0.37785806,4.7
80415,2.28496427,0.50517193,4.2
80806,2.45108056,0.46074423,4.6
80884,2.48216713,0.40473318,4.5
81003,2.54388983,0.41897414,3.1
81063,2.57402861,0.45803296,4.1
81264,2.6786992,0.41307066,3.6
81297,2.69312449,0.35072808,2.6
81298,2.69314492,0.35071271,3.8
81582,2.84885434,0.43662708,4.5
81636,2.87832109,0.35689157,4.4
81726,2.9297595,0.36299295,2.6
81735,2.93454112,0.40785426,4.9
81997,3.07792167,0.35773786,4.5
82272,-3.05435418,0.45593968,4.8
82312,-3.03491885,0.49822397,4.6
82389,-3.00039296,0.39975521,4.8
82658,-2.85893549,0.48681747,4.9
82705,-2.83816396,0.49098061,4.3
83202,-2.58257344,0.44205234,4.8
83415,-2.47617562,0.52292581,4.5
83487,-2.43812002,0.46669144,4.9
83499,-2.43123368,0.47619689,2.7
83623,-2.35655874,0.43990631,4.9
83644,-2.34615201,0.47371024,4.7
83830,-2.24377026,0.51098034,3.7
83892,-2.21408512,0.46917723,2.3
83957,-2.17886437,0.46168986,3.9
84018,-2.14895736,0.45762955,4.7
84036,-2.14209872,0.36873547,4.9
84097,-2.1139627,0.47161429,4.2
84151,-2.09684488,0.52342143,4.9
84154,-2.09378373,0.40041227,4.8
84410,-1.97192352,0.37694341,2.8
84950,-1.77597759,0.43453259,3.2
85162,-1.70729947,0.45635265,4.5
85396,-1.63842797,0.48430657,3.5
85589,-1.58903428,0.51054439,3.8
85749,-1.54640404,0.50185871,3.8
85768,-1.5419176,0.36311992,4.3
86002,-1.4766982,0.37953329,3.9
86405,-1.3809546,0.35774266,4.3
86417,-1.37855594,0.46438635,4.9
86566,-1.3411288,0.39410431,4.6
87009,-1.24762149,0.37177031,4.6
87135,-1.21824679,0.45666952,4.9
87158,-1.21233485,0.51526226,4.9
87260,-1.19283,0.42869601,4.6
87300,-1.18375341,0.48613451,3.2
87812,-1.09556941,0.39237906,4.9
87882,-1.08500646,0.4179714,4.5
88070,-1.05138611,0.48196026,4.7
88409,-0.98984414,0.44397904,4.8
88427,-0.98744147,0.48275424,4.7
88943,-0.8888636,0.36694903,4.8
89227,-0.82909356,0.46964764,4.8
89751,-0.66461708,0.40873526,4.8
89939,-0.60255703,0.49770008,4.7
89948,-0.60048692,0.44356559,4.3
90237,-0.5031758,0.43808108,4.0
90439,-0.44065149,0.490055,4.9
90716,-0.35166006,0.50695086,4.9
90733,-0.34621048,0.52288814,3.1
90774,-0.33109091,0.40669764,4.1
90815,-0.31596342,0.4247633,3.7
90980,-0.25592563,0.48539764,2.6
91185,-0.18256834,0.40956682,4.6
91252,-0.16196662,0.40367139,4.6
91610,-0.0209166,0.43395052,4.8
91780,0.0465019,0.26015379,2.9
91791,0.05240802,0.34782284,4.9
92483,0.38747743,0.26334783,3.7
92679,0.48337295,0.33251484,4.8
92680,0.48337418,0.3324749,4.8
93327,0.8236416,0.34101901,4.5
93468,0.90804406,0.22282182,4.3
93718,1.03806207,0.21555849,4.0
93867,1.1211305,0.27067448,3.9
93896,1.13467084,0.30415664,3.9
93906,1.13974211,0.30246163,4.8
93922,1.14577812,0.31093622,4.2
93931,1.14970692,0.27063783,4.6
93934,1.15094844,0.25485821,4.9
93953,1.15930478,0.33285543,3.6
93954,1.1593991,0.2766839,4.0
93956,1.15978729,0.27509201,3.6
93974,1.16804066,0.28076826,4.8
94006,1.18249257,0.25727826,4.8
94025,1.19076907,0.17557654,4.4
94026,1.19139783,0.28641585,1.1
94043,1.20148161,0.21663322,4.3
94053,1.20607234,0.2761218,4.9
94200,1.27470414,0.17580571,4.7
94217,1.28088428,0.23452203,4.3
94289,1.31645422,0.26766651,4.6
94358,1.33881909,0.27113894,4.9
94627,1.43675214,0.32391367,4.7
94758,1.47656492,0.28815042,4.9
94887,1.51293184,0.22055944,4.9
95258,1.59137296,0.25789334,4.4
95361,1.6104849,0.24821728,4.4
95364,1.61080997,0.28175844,4.9
95658,1.66947499,0.25745619,4.7
95911,1.7227415,0.28699709,1.9
96050,1.75042693,0.23178157,4.6
96073,1.75616237,0.22604103,3.4
96264,1.79691945,0.23113357,4.7
96745,1.89900535,0.29028762,3.6
96951,1.95046515,0.21138681,4.9
98086,2.27698179,0.32008286,4.2
98266,2.33766834,0.21035615,4.3
98708,2.5241103,0.17664012,3.8
98954,2.63810393,0.29683285,3.6
98963,2.64091085,0.17878159,4.6
98966,2.64291187,0.2131461,1.3
99511,2.93048534,0.27407186,3.4
99586,2.97281423,0.18858069,4.0
99808,3.0827318,0.25920951,2.2
100052,-3.06221798,0.31536291,4.9
100383,-2.8811597,0.19595636,3.0
100442,-2.84682683,0.31055346,4.5
100705,-2.68394484,0.30901486,4.5
100724,-2.67443592,0.28004128,4.3
100765,-2.65157924,0.32546197,2.8
100943,-2.55961625,0.3393257,0.2
101137,-2.45055244,0.29027846,4.9
101144,-2.44887583,0.24333031,3.9
101183,-2.43078047,0.29976132,4.7
101249,-2.40384313,0.33697945,4.6
101623,-2.21477329,0.18683662,4.2
101681,-2.18463022,0.34610175,4.5
101724,-2.16474132,0.271871,3.7
101751,-2.15335697,0.31930396,4.3
101825,-2.11996016,0.276173,3.9
102106,-2.00838404,0.33631195,3.8
102152,-1.99357593,0.24691192,4.5
102233,-1.96234901,0.20235381,4.9
102457,-1.86907374,0.17883051,4.3
102583,-1.81925544,0.22354313,4.9
102679,-1.77863973,0.252129,3.5
102931,-1.69030076,0.21982383,2.1
103284,-1.58026669,0.29238304,4.7
104092,-1.37526854,0.31633142,4.4
104317,-1.32055108,0.26178198,4.2
104460,-1.29542351,0.24064144,3.0
104989,-1.16769457,0.34318206,4.9
105119,-1.14380064,0.31237132,4.4
105132,-1.13969061,0.30296952,4.5
105222,-1.11752653,0.18308688,2.8
105258,-1.11196169,0.32130876,3.8
105499,-1.06232823,0.33781076,3.7
106229,-0.91270538,0.19429311,4.0
106273,-0.90333893,0.25308355,4.7
106315,-0.89359359,0.25167798,3.7
106356,-0.88438203,0.27461932,3.9
106424,-0.8677622,0.25995075,4.5
106475,-0.85373972,0.27825794,4.5
106476,-0.85373907,0.2782577,4.5
107072,-0.69912457,0.34190404,4.3
107364,-0.60151797,0.2987961,4.5
107853,-0.44045463,0.20861353,4.9
108102,-0.3535749,0.18447835,3.6
108164,-0.33077028,0.20797169,4.3
108377,-0.25190475,0.26068,2.6
108637,-0.14563252,0.2178967,4.7
109473,0.2010847,0.12764141,4.5
109626,0.26330473,0.13301843,4.5
110064,0.43120971,0.09137346,4.7
110109,0.44832913,0.15545376,4.5
110205,0.48417144,0.05133925,4.8
110290,0.52122747,0.04403582,4.3
110407,0.56874077,0.15032792,4.5
110542,0.63484832,0.14376253,4.3
110664,0.68467704,0.00198774,4.0
110706,0.70121491,0.05281584,3.6
110722,0.70788388,0.17286042,4.4
110888,0.77244427,0.15200625,4.7
110919,0.78392512,0.06797645,2.8
111171,0.88190913,0.15453557,3.8
111194,0.89210534,0.16684945,3.8
111291,0.93513979,0.00426413,4.4
111578,1.04934896,0.10213798,3.9
111695,1.10311747,0.15304157,4.3
112105,1.25281116,0.12000234,3.3
112123,1.25613144,0.15386842,4.4
112141,1.25899479,0.09636322,3.8
112196,1.27253855,0.04119578,3.9
112280,1.2913444,0.0286042,4.7
112527,1.35557411,0.04892585,4.6
112733,1.4056431,0.03145394,4.7
112739,1.40694104,0.110061,1.7
112774,1.414657,0.05330192,4.7
112848,1.4316373,0.10317669,4.3
112913,1.44894465,0.16506291,4.5
112920,1.45028957,0.17282808,3.7
112957,1.45803461,0.16170868,4.4
113000,1.46844812,0.0714644,4.5
113270,1.53791208,0.12914428,0.6
113388,1.56918693,0.16840798,4.2
113809,1.66293881,0.08063266,4.5
114033,1.70256564,0.1286519,4.5
114257,1.7375792,0.17354885,4.7
114427,1.76824914,0.04308273,4.7
115455,1.93923221,0.14646168,3.1
115477,1.94360208,0.15757511,4.6
115755,1.99266547,0.09345661,0.5
116259,2.0929302,0.04316636,4.5
116568,2.15462947,0.16303184,3.8
116964,2.24715462,0.10261373,4.2
116987,2.25210532,0.06140398,4.5
117049,2.27159665,0.06247144,4.3
117111,2.28694529,0.1152519,3.5
117145,2.29417095,0.10513219,4.4
117263,2.3245671,0.1071111,3.3
117526,2.40752303,0.04409201,3.8
117820,2.51260872,0.08510226,4.8
118043,2.60740076,0.14459937,4.9
118354,2.74967621,0.16693211,3.9
118647,2.8904325,0.13276186,4.7
118803,2.96076855,0.11001906,4.1
119034,3.06867717,0.11885072,4.2
119075,3.08962454,0.03571918,3.8
119163,3.13421981,0.12030719,4.6
119212,-3.12997865,0.15726551,4.2
119673,-2.90997392,0.06403225,3.7
120003,-2.74192956,0.06833139,4.9
120237,-2.62192507,0.03116605,4.3
120338,-2.57554238,0.04614486,4.9
120647,-2.42723789,0.0366954,3.8
120808,-2.35457453,0.03990642,4.6
121156,-2.17379659,0.11487141,2.8
121185,-2.16414798,0.13104853,4.4
121217,-2.14535558,0.08075469,3.8
121539,-2.00914711,0.01998581,4.8
121657,-1.97052464,0.03651161,3.9
121961,-1.8531063,0.16495693,3.4
122386,-1.72773815,0.07299413,4.4
122670,-1.65369648,0.08005166,2.9
122753,-1.63457217,0.04755188,3.7
123004,-1.580461,0.076269,4.8
123012,-1.57891588,0.05117989,4.0
123034,-1.57422152,0.02277296,4.4
123106,-1.55802575,0.04380107,4.1
123139,-1.54935859,0.15229835,4.7
123141,-1.54907745,0.16677077,3.7
123376,-1.49064215,0.05852404,4.9
124067,-1.33634216,0.07220451,4.5
124602,-1.20874253,0.05259734,3.4
124627,-1.20445084,0.00414438,4.9
124798,-1.17091579,0.12690914,4.6
125121,-1.09806007,0.1524531,0.9
125158,-1.0911562,0.01528729,4.0
125209,-1.08287251,0.14539848,4.9
125234,-1.07836737,0.1096156,3.9
126592,-0.7508858,0.17329578,4.8
126642,-0.73284397,0.17110025,4.6
126661,-0.72726124,0.08796629,4.1
127028,-0.60331988,0.1683355,2.5
127284,-0.50982216,0.08400934,4.9
127339,-0.490103,0.10386711,3.7
127519,-0.42445083,0.01960039,4.6
127539,-0.41308896,0.07756733,4.9
127933,-0.2559913,0.06196767,4.6
127975,-0.24223548,0.15950613,4.7
128084,-0.19821624,0.05251332,3.9
128185,-0.15547342,0.01713288,4.9
128195,-0.15083971,0.10653664,4.5
128309,-0.09871269,0.09346529,4.3
128335,-0.08947459,0.02626391,4.6
128512,-0.01421766,0.11495616,4.0
128571,0.0121104,-0.10449655,4.7
128693,0.07365173,-0.15884164,3.8
129008,0.22013315,-0.02470383,4.9
129273,0.35570996,-0.14732111,3.8
129824,0.5969786,-0.05591545,2.0
130196,0.75914202,-0.15875655,4.0
130386,0.8438771,-0.15715478,4.9
130527,0.90815525,-0.09154819,4.8
130563,0.91879623,-0.16801102,3.8
130685,0.96364247,-0.17333568,3.7
131018,1.08831017,-0.12159001,4.1
131062,1.10378702,-0.13490372,4.5
131345,1.19475744,-0.06027019,4.1
131467,1.23481995,-0.05837802,4.2
131567,1.26726402,-0.09660131,4.5
131699,1.30468883,-0.12646355,4.8
131793,1.33251271,-0.08987738,2.9
131823,1.33845606,-0.15388141,4.3
131906,1.36193787,-0.14412856,0.3
131951,1.37521772,-0.12037463,3.7
132027,1.392807,-0.00750991,4.6
132066,1.40296816,-0.13705232,4.2
132070,1.40482105,-0.04261309,3.4
132219,1.43749805,-0.00583914,2.5
132221,1.43775912,-0.12805321,4.6
132300,1.45123663,-0.10530919,4.7
132319,1.452627,-0.08499133,4.6
132322,1.45292305,-0.10369321,2.9
132345,1.45593011,-0.02150779,1.8
132405,1.46709818,-0.04585605,3.8
132410,1.46810087,-0.12634933,4.9
132443,1.47582446,-0.03433926,2.0
132541,1.50702004,-0.16905186,2.2
132731,1.56011798,-0.05366291,4.7
133011,1.62496975,-0.10922222,4.1
133315,1.68594836,-0.12216364,4.7
133316,1.68598363,-0.12218924,4.6
134105,1.83446809,-0.07269738,4.9
134329,1.87321971,-0.0071288,4.1
134985,2.00214472,-0.16464045,4.1
135379,2.08862644,-0.02185904,4.9
135550,2.12092767,-0.04951339,4.4
135895,2.19545825,-0.06531148,4.0
136220,2.27424053,-0.12308959,4.7
136870,2.46584415,-0.14732261,2.2
136894,2.47230383,-0.04449639,4.8
136931,2.4846207,-0.01681324,4.5
137034,2.51895751,-0.01596875,4.1
137365,2.64146274,-0.00220755,4.5
138101,2.94139648,-0.05895703,4.6
138295,3.02877,-0.1662525,4.8
138297,3.02983741,-0.0095565,4.5
138720,-3.06590637,-0.00679054,4.0
138891,-2.98162238,-0.13475144,4.8
138916,-2.97088112,-0.02051528,2.9
139032,-2.91579474,-0.16175285,4.9
139188,-2.84768822,-0.09202302,4.5
139389,-2.75167729,-0.10468936,4.8
139419,-2.73954485,-0.00595114,3.4
139823,-2.55957298,-0.10058032,4.2
140089,-2.44162231,-0.09497946,4.0
140239,-2.37989547,-0.0723263,4.6
140429,-2.29374573,-0.1605651,2.7
140608,-2.2190068,-0.17269243,4.8
140786,-2.15108586,-0.05722232,3.6
141021,-2.05397837,-0.17341868,4.9
141051,-2.04324786,-0.06225691,3.0
141085,-2.02601106,-0.07979825,3.3
141186,-1.98489583,-0.14418776,4.7
141585,-1.77132571,-0.0068128,4.8
141664,-1.7279814,-0.08803489,4.6
141771,-1.67933398,-0.14119748,4.6
142003,-1.58706191,-0.17050461,3.5
142024,-1.58022276,-0.0643786,4.6
142049,-1.56923469,-0.14280226,4.9
142240,-1.48911019,-0.05084823,3.4
142266,-1.47952062,-0.15641558,4.8
142407,-1.42905319,-0.14452524,4.1
142514,-1.39829168,-0.15886016,4.7
142617,-1.37653833,-0.08382783,4.5
142619,-1.37526526,-0.10053775,4.5
142930,-1.31331727,-0.10142133,4.1
143020,-1.29331166,-0.08655253,3.5
143596,-1.1600573,-0.02441464,4.3
144149,-1.00912799,-0.01694938,3.4
144648,-0.89118336,-0.02235941,4.5
144809,-0.85097759,-0.16894889,3.8
144813,-0.85041356,-0.0909669,4.6
144894,-0.82921508,-0.16008431,4.8
145456,-0.65917813,-0.1010918,3.1
145536,-0.63228486,-0.14101257,4.8
145836,-0.52042388,-0.0418449,4.7
145861,-0.50956735,-0.00983488,3.2
145990,-0.4616566,-0.14020206,4.3
146043,-0.4403742,-0.02862229,4.0
146106,-0.40904256,-0.00482521,4.6
146107,-0.40902416,-0.00482913,4.4
146180,-0.38053973,-0.00655841,4.1
146361,-0.30540534,-0.1369412,3.8
146584,-0.21060481,-0.11028503,4.4
146597,-0.20388776,-0.16337111,4.5
146619,-0.19501741,-0.16503402,4.6
147041,-0.00263842,-0.10981471,4.7
147058,0.00514589,-0.30742714,4.6
147168,0.05280319,-0.33527276,4.7
147419,0.17924612,-0.3187106,2.2
147422,0.18180667,-0.18991844,4.9
147631,0.28830076,-0.18233149,3.6
147985,0.44394341,-0.28274576,3.6
148035,0.46743184,-0.19081724,4.8
148058,0.47556202,-0.18467959,3.9
148384,0.62627905,-0.21842941,4.9
148444,0.65325842,-0.26988346,4.8
148574,0.70572898,-0.24555895,4.4
148583,0.71020815,-0.32782859,4.6
149157,0.97640562,-0.21392884,4.6
149282,1.02841142,-0.23822857,3.2
149780,1.20379104,-0.25133517,4.0
149817,1.2141058,-0.34498566,4.5
150063,1.29854243,-0.22008267,4.9
150222,1.35247084,-0.20817875,4.5
150236,1.35561272,-0.28384857,3.3
150238,1.35664676,-0.22687903,4.5
150339,1.38435081,-0.23085465,4.3
150546,1.44217968,-0.3116585,2.7
150800,1.5039863,-0.25899324,3.7
150956,1.54516574,-0.24740852,3.8
151109,1.58777409,-0.26056578,4.7
151427,1.66022911,-0.3129338,2.0
151701,1.72133862,-0.33531329,4.1
151729,1.72652254,-0.31752431,4.6
151880,1.75818019,-0.29053124,-1.6
152070,1.7971038,-0.20899659,4.3
152125,1.8060052,-0.29649673,4.4
152302,1.83911983,-0.27153828,4.1
152775,1.91996145,-0.33021557,4.9
153686,2.08403499,-0.31871249,4.6
153889,2.12403865,-0.33331396,4.3
153941,2.13333784,-0.22300799,4.7
154621,2.28643485,-0.2332426,4.4
155095,2.4319596,-0.20530211,4.9
155541,2.57031069,-0.25501437,4.3
155712,2.62972387,-0.22377788,4.7
155784,2.65355096,-0.21129417,3.8
155979,2.72127469,-0.28938315,4.1
156109,2.77107133,-0.22905594,4.8
156255,2.82374865,-0.27805737,3.3
156374,2.86816779,-0.31471981,4.2
156604,2.95326385,-0.25320679,3.8
156660,2.97744808,-0.30384708,4.1
156868,3.06403503,-0.3154273,4.9
157175,-3.08386276,-0.30132062,2.8
157322,-3.02259174,-0.28339367,3.1
157344,-3.01292108,-0.27784585,4.4
157843,-2.81092133,-0.31474739,4.8
157922,-2.78137843,-0.19025718,1.2
157945,-2.77166517,-0.27427631,4.9
158426,-2.57338246,-0.17526402,4.3
158488,-2.54643763,-0.22936967,4.6
158839,-2.40808552,-0.27637575,2.9
159089,-2.31532862,-0.34215095,4.7
159369,-2.21340662,-0.25524049,4.0
159562,-2.13377881,-0.28944734,4.3
159606,-2.11453168,-0.24673007,4.7
159664,-2.08734914,-0.19611819,4.2
159681,-2.0833772,-0.34330845,2.9
159763,-2.05475496,-0.3374119,4.3
159891,-2.00201155,-0.34770411,4.6
159917,-1.98914549,-0.32017202,4.9
159962,-1.97103093,-0.28807222,4.4
160005,-1.94428682,-0.18269142,2.7
160117,-1.88903769,-0.18668439,4.7
160331,-1.79983726,-0.27340045,2.6
160478,-1.75400164,-0.22336375,4.4
160699,-1.68109575,-0.26823679,3.6
160746,-1.66416118,-0.22427971,4.4
161519,-1.45583701,-0.25480862,4.7
162511,-1.22708274,-0.3131638,4.0
162517,-1.22668764,-0.28013417,4.6
163421,-0.98228243,-0.2210316,4.5
163426,-0.9805203,-0.22167858,3.8
163467,-0.96913152,-0.22546013,4.8
163480,-0.96777052,-0.26076465,3.3
164131,-0.77170329,-0.3042583,4.2
164181,-0.75541428,-0.20202734,4.5
164345,-0.70046695,-0.2975544,4.3
164519,-0.63580875,-0.34367322,4.7
164559,-0.62254643,-0.29477181,3.8
164592,-0.61143821,-0.33327372,4.8
164643,-0.59217624,-0.28545064,3.0
164860,-0.50728678,-0.24631919,4.4
165133,-0.4014167,-0.19084259,4.9
165251,-0.34514343,-0.33322796,4.9
165320,-0.31875885,-0.24185013,4.2
165374,-0.29671309,-0.28077461,3.5
165841,-0.08669864,-0.25868417,4.6
166715,0.24521019,-0.51709466,4.4
167470,0.51333851,-0.37209309,4.2
167531,0.53341385,-0.51550147,4.7
168093,0.73639442,-0.37016935,4.8
168248,0.78621047,-0.41572822,4.2
168372,0.82879505,-0.50934244,4.0
168459,0.86084519,-0.382904,4.0
168633,0.92318152,-0.38047184,4.3
168826,0.98041806,-0.40834203,4.3
168924,1.01046544,-0.43213009,4.8
169016,1.03755971,-0.4216188,4.7
169569,1.18484717,-0.5212692,4.6
170050,1.32358229,-0.39159788,3.3
170326,1.38889739,-0.37155733,4.7
170456,1.42288622,-0.36299406,3.0
170758,1.49390389,-0.39206058,3.8
170925,1.52354104,-0.3644598,3.9
171894,1.7006985,-0.40807863,4.4
171981,1.7146087,-0.40009768,4.5
172519,1.79500701,-0.35187792,4.7
172541,1.79793363,-0.42097763,4.1
172578,1.80403494,-0.35031245,4.6
172675,1.81802128,-0.5044498,1.6
172796,1.8314017,-0.48628422,3.7
172838,1.83667848,-0.41467307,3.1
173046,1.86033452,-0.45924151,2.0
173263,1.88588898,-0.45841126,4.7
173281,1.8883656,-0.46573631,3.8
173348,1.89588274,-0.40536183,4.8
173359,1.89620293,-0.48505468,4.8
173443,1.90498143,-0.42701798,4.9
173445,1.90517276,-0.43392056,4.4
173650,1.92909585,-0.50971391,2.4
173863,1.95359918,-0.40001676,4.8
174008,1.97183562,-0.3872348,4.5
174057,1.97820992,-0.49319083,4.5
174174,1.99062685,-0.44069772,4.6
174197,1.99304406,-0.46577306,4.5
174198,1.9930802,-0.4658084,4.6
174390,2.01376097,-0.49377042,4.8
174399,2.0149795,-0.50325207,4.1
174557,2.03333724,-0.45050225,4.6
174600,2.03850247,-0.43167432,3.5
174851,2.07130514,-0.39698406,4.4
175216,2.11801675,-0.42165361,2.9
176558,2.3056177,-0.48037545,4.2
176696,2.32730807,-0.47976527,4.9
177001,2.38172742,-0.44777673,4.8
177321,2.44031042,-0.44945278,4.9
177373,2.44798587,-0.49949888,4.9
177468,2.46534993,-0.3861286,4.9
177839,2.52636388,-0.40776918,4.7
179623,2.91991621,-0.39361533,4.5
180504,-3.11615841,-0.42673363,4.2
180530,-3.10865545,-0.38993623,3.2
180914,-3.00303227,-0.40352788,2.8
181542,-2.80911703,-0.39982526,3.3
181694,-2.76209393,-0.40183544,3.5
182243,-2.60264625,-0.46150631,3.5
182482,-2.5298178,-0.48040978,4.9
182910,-2.41141081,-0.48438675,4.6
183138,-2.35123143,-0.43784624,3.4
183345,-2.29169941,-0.52300905,4.4
183618,-2.20791676,-0.48818503,3.8
183648,-2.20095232,-0.51687713,3.8
183853,-2.14690449,-0.44681874,4.8
183895,-2.13539113,-0.43946358,4.7
183956,-2.12148355,-0.50735955,4.0
183986,-2.11262644,-0.45329178,3.0
184013,-2.10586205,-0.39236635,2.5
184122,-2.07747566,-0.35840874,4.1
184134,-2.07489897,-0.36189659,4.6
184220,-2.05417442,-0.48517215,4.7
184300,-2.02810931,-0.4972699,4.9
184328,-2.01750098,-0.41976153,4.8
184335,-2.015225,-0.44461361,3.1
184414,-1.97947927,-0.4594189,1.1
184428,-1.9758655,-0.4364508,4.9
184449,-1.967127,-0.37282133,4.6
184480,-1.95143038,-0.49068264,2.9
185295,-1.75403764,-0.36758438,4.5
185319,-1.74997204,-0.43548486,3.4
185400,-1.73086978,-0.42116758,4.3
185411,-1.72718379,-0.52052147,4.4
185469,-1.70884147,-0.41758476,4.9
185659,-1.65617986,-0.37805078,4.9
185754,-1.63881587,-0.48543977,4.7
186060,-1.58502875,-0.41562112,4.8
186236,-1.56283188,-0.51634131,4.3
186327,-1.54935132,-0.49680012,4.7
186496,-1.52379432,-0.36780613,4.0
186611,-1.50568565,-0.47232953,4.7
186680,-1.49316161,-0.52100347,2.8
186840,-1.46221801,-0.44420656,2.9
187238,-1.3852124,-0.47200723,3.3
187447,-1.3431816,-0.46007989,2.1
187503,-1.33191674,-0.36955829,3.6
187599,-1.31147733,-0.52278812,2.7
187642,-1.30163419,-0.38077034,3.9
187682,-1.29233195,-0.48424713,3.4
187755,-1.27936634,-0.36834927,3.0
187881,-1.25456143,-0.44234681,4.9
188336,-1.16210064,-0.43625591,4.7
188721,-1.0787048,-0.46135583,4.8
188741,-1.07389562,-0.47654572,4.6
188843,-1.04900228,-0.48608215,4.6
189663,-0.85897098,-0.44422091,4.3
189780,-0.83408848,-0.4731161,4.2
189985,-0.77858382,-0.35000687,4.9
190024,-0.7670429,-0.43994403,4.6
190340,-0.68148285,-0.39495027,3.9
190373,-0.67249492,-0.38442646,4.6
191317,-0.35825515,-0.47656099,4.2
191523,-0.28408643,-0.52163911,1.3
191650,-0.24435446,-0.41911716,4.8
191682,-0.23220297,-0.37427102,3.8
191686,-0.23018107,-0.3966938,4.9
191857,-0.17302183,-0.35558907,4.2
191899,-0.15960323,-0.36505758,4.5
191987,-0.12801015,-0.36985301,4.8
192166,-0.05967083,-0.49579326,4.6
193930,0.72866363,-0.56923967,4.5
194466,0.96105822,-0.56019911,4.9
194474,0.96420403,-0.65398093,4.6
194550,0.9893868,-0.65924916,4.9
194558,0.993012,-0.63443882,4.2
194901,1.11701334,-0.59200429,3.6
194983,1.14387491,-0.59571389,4.1
195147,1.19382812,-0.53518088,3.9
195531,1.32036929,-0.62047274,4.6
195720,1.37741239,-0.60987176,4.9
195923,1.43743602,-0.61969864,3.9
196058,1.47409135,-0.59515112,2.8
196239,1.5236526,-0.62458416,3.2
196275,1.53282576,-0.59011861,4.9
196351,1.55230814,-0.61588393,4.4
196642,1.63524828,-0.61300826,4.5
196697,1.65104846,-0.52429623,3.1
196734,1.65930474,-0.58311484,4.0
196856,1.68561413,-0.56806012,4.5
197257,1.78011382,-0.56635285,3.8
197631,1.86388627,-0.69070295,4.9
197794,1.89968545,-0.64588769,2.7
197823,1.90471243,-0.6395201,4.7
198063,1.95810242,-0.5385401,4.8
198194,1.98756758,-0.60833412,4.6
198252,1.99706101,-0.66658022,4.9
198397,2.02227862,-0.66054172,3.7
198544,2.0545723,-0.67600888,4.5
198635,2.07551982,-0.52707145,4.9
198751,2.10236195,-0.69571166,2.3
198907,2.13615567,-0.68885683,4.4
198956,2.14502391,-0.62391356,4.8
199069,2.16718552,-0.63710457,4.4
199117,2.17910132,-0.57411413,4.9
199489,2.26083007,-0.61313126,4.0
199545,2.27582856,-0.57604902,3.7
200162,2.41618313,-0.64933123,4.7
200415,2.47478671,-0.62363974,4.6
201404,2.72646944,-0.53778103,4.4
201926,2.8552842,-0.64347817,4.7
202557,3.01303927,-0.55118787,3.7
202694,3.04439513,-0.60156932,4.9
202900,3.0996055,-0.58695001,4.4
203680,-2.97945178,-0.69311349,4.8
203906,-2.92055324,-0.69651393,4.3
204226,-2.83940598,-0.6551695,4.9
204370,-2.80222189,-0.63615734,2.9
204544,-2.75702905,-0.68329238,4.0
204811,-2.69287475,-0.57232187,4.4
204874,-2.6767226,-0.59693514,4.4
204915,-2.66628531,-0.57154462,4.7
204943,-2.66021796,-0.55294678,4.8
205187,-2.60171308,-0.63049845,2.3
205452,-2.54160714,-0.65722826,4.2
205496,-2.53096049,-0.68564615,4.5
205838,-2.44850051,-0.6558973,4.1
205870,-2.44088389,-0.61016022,4.1
206551,-2.27492672,-0.62973996,3.6
206579,-2.2691331,-0.64019826,4.7
206615,-2.25982838,-0.67296323,4.7
206842,-2.19656718,-0.59777692,4.6
206888,-2.18388641,-0.60303652,4.8
207039,-2.14773904,-0.58427495,4.1
207207,-2.10835598,-0.6676853,3.6
207331,-2.07998828,-0.63997597,4.3
207731,-1.97174601,-0.60383578,4.3
207813,-1.95006197,-0.61356104,4.3
208077,-1.88966753,-0.59697804,2.4
208101,-1.88286999,-0.66258962,3.1
208115,-1.88083959,-0.66207693,3.6
208376,-1.82592427,-0.59436412,4.9
208895,-1.71321068,-0.65027366,2.8
208953,-1.70077783,-0.64698206,1.7
209018,-1.68816877,-0.67373282,4.3
209162,-1.66231353,-0.68078875,2.5
209302,-1.63221176,-0.55306081,4.8
209317,-1.62990684,-0.64628388,3.3
209695,-1.5594751,-0.53104454,3.1
209956,-1.50865002,-0.64191023,3.2
210090,-1.47980736,-0.60057235,2.0
210508,-1.3920133,-0.62296435,4.8
210780,-1.32927853,-0.64881636,4.9
210927,-1.29573244,-0.64816423,4.3
210989,-1.28250102,-0.66295115,4.1
211004,-1.28023638,-0.6880453,4.2
211715,-1.06253222,-0.61807689,4.4
211766,-1.04614926,-0.66463345,4.8
212635,-0.79312625,-0.56643846,4.7
212873,-0.72033745,-0.56518478,4.8
213257,-0.60225297,-0.58040856,4.4
213373,-0.56327228,-0.6562612,3.2
213542,-0.51003633,-0.69438797,4.6
213575,-0.49972551,-0.58003245,4.6
213882,-0.39851175,-0.56903105,4.4
214152,-0.30651871,-0.57842306,4.5
214188,-0.29154204,-0.57259545,4.3
214443,-0.19142589,-0.57254964,4.5
214614,-0.12961338,-0.66488488,4.5
214982,0.03001785,-0.80325729,3.9
215091,0.10362209,-0.76719666,3.9
215092,0.10392193,-0.74311538,2.4
215130,0.12657856,-0.85660415,4.9
215193,0.17002642,-0.80912058,4.6
215364,0.27862414,-0.82006128,3.4
215427,0.31822487,-0.79932744,4.9
215515,0.37610217,-0.76050754,3.4
215535,0.38908677,-0.86100583,4.0
215695,0.48713435,-0.81239705,4.4
215714,0.50259513,-0.83127836,4.7
215905,0.63334814,-0.83649433,4.4
215995,0.68893731,-0.75233266,4.5
215998,0.69243212,-0.69932817,4.1
216111,0.76953546,-0.70693058,3.4
216112,0.76953619,-0.7069318,3.4
216113,0.7695868,-0.70692787,4.4
216262,0.86363597,-0.75502813,4.3
216404,0.93941701,-0.70577193,4.6
216681,1.08715425,-0.73518611,4.9
216709,1.10105485,-0.74031199,3.8
216925,1.21714325,-0.73231078,4.5
217163,1.32500706,-0.8664658,4.9
217649,1.56038872,-0.74729855,4.0
218070,1.72887924,-0.7531294,3.2
218323,1.81049397,-0.84917851,4.9
218536,1.88117674,-0.81463228,4.5
218548,1.88500555,-0.77767212,3.1
218566,1.89043687,-0.84096106,4.9
218754,1.95321361,-0.75396983,3.3
219017,2.03700912,-0.81944294,4.6
219034,2.04078776,-0.80715258,4.3
219081,2.05293096,-0.70591427,3.8
219105,2.05797126,-0.86362649,4.8
219110,2.05876094,-0.8372645,4.3
219225,2.08044012,-0.85710429,4.1
219500,2.12906963,-0.82374925,4.8
219503,2.12926278,-0.82359329,1.9
219568,2.13689969,-0.74764868,4.9
219634,2.14793919,-0.70152089,4.4
219847,2.1859721,-0.84350032,4.9
220137,2.23925933,-0.8686703,4.9
220203,2.25097063,-0.7472331,4.1
220264,2.26441658,-0.81105504,4.1
220283,2.26708366,-0.82271039,4.9
220370,2.28032409,-0.74119392,4.1
220421,2.28782755,-0.80037091,4.1
220560,2.3075865,-0.80880972,4.9
220729,2.34843601,-0.71660208,4.4
220802,2.36679017,-0.81852311,3.7
220877,2.38305147,-0.7545039,2.2
221233,2.48154492,-0.7024431,3.6
221343,2.50906592,-0.85748589,4.5
221552,2.5732435,-0.80830682,4.6
221894,2.67311705,-0.7308335,4.1
222198,2.77156075,-0.83715537,4.1
222320,2.81265759,-0.85792464,2.8
222486,2.87043191,-0.73229386,4.6
223061,3.09201091,-0.78357003,4.7
223453,-3.03108967,-0.87186076,4.2
223559,-2.98906192,-0.84240396,4.0
223602,-2.97252129,-0.84971995,2.4
223613,-2.96788148,-0.84716023,4.6
223730,-2.92223043,-0.84947769,4.4
223908,-2.86243066,-0.86636152,4.4
224468,-2.67691778,-0.72325281,3.5
224470,-2.67648727,-0.73697323,3.3
224537,-2.65111803,-0.82105558,3.1
224576,-2.63884488,-0.73054911,4.0
224584,-2.63728019,-0.77772555,4.2
224620,-2.62412942,-0.79171897,4.4
224672,-2.60497518,-0.71455496,4.5
224832,-2.54734811,-0.79985444,4.1
224918,-2.51800345,-0.78533441,4.6
224919,-2.51784186,-0.78809344,4.5
225043,-2.47696356,-0.73198028,2.6
225070,-2.46741523,-0.85886048,4.1
225127,-2.44960378,-0.82335578,2.9
225247,-2.40696233,-0.75694484,4.5
225334,-2.37693575,-0.74933801,2.8
225343,-2.37409065,-0.73137867,3.4
225425,-2.34876455,-0.81780709,4.0
225482,-2.33235104,-0.78694952,4.4
225524,-2.31934135,-0.84734339,4.1
225538,-2.31493418,-0.77340959,4.9
225637,-2.2905568,-0.83239334,4.4
225690,-2.2773019,-0.70630042,3.4
225711,-2.27209049,-0.77686641,3.7
225937,-2.21744153,-0.7155897,3.0
225949,-2.21467606,-0.78177976,4.8
226003,-2.20489225,-0.74010425,4.3
226063,-2.19151496,-0.77662357,4.7
226465,-2.09645472,-0.85681888,4.7
226499,-2.08153181,-0.78608558,4.8
226772,-1.99181795,-0.82803433,4.8
227374,-1.87421257,-0.73794072,4.9
227401,-1.87160788,-0.73788574,3.8
227706,-1.79521549,-0.75355124,3.4
228068,-1.71054243,-0.86985082,3.0
228161,-1.69326229,-0.81111317,4.6
228200,-1.68545202,-0.74993477,2.0
228256,-1.67320628,-0.86196464,4.8
228419,-1.6402386,-0.70004647,3.1
228465,-1.6288888,-0.69946537,4.9
228577,-1.59592607,-0.72799763,4.9
228776,-1.53799701,-0.80224437,4.6
229022,-1.46927823,-0.8028181,3.8
229046,-1.46179862,-0.85695947,4.1
229110,-1.44019042,-0.7391578,4.7
229460,-1.31085047,-0.73597349,4.9
229512,-1.28774806,-0.70818722,4.7
229645,-1.22588901,-0.77763009,4.3
229653,-1.22343137,-0.78357977,4.5
229658,-1.21987664,-0.71055796,4.1
229926,-1.08290429,-0.73306485,4.2
230299,-0.89858792,-0.82846382,3.2
230390,-0.84626862,-0.81006587,4.9
230643,-0.70873799,-0.7159726,4.9
230991,-0.50138321,-0.8238659,2.2
231054,-0.46857436,-0.72599186,4.9
231153,-0.40889122,-0.76361262,4.0
231160,-0.40675632,-0.76804595,4.3
231257,-0.35041534,-0.82286553,2.2
231264,-0.34641534,-0.72737615,4.9
231443,-0.24404073,-0.76429519,4.4
231467,-0.22891578,-0.79443679,4.1
231674,-0.12046262,-0.74860211,4.8
231706,-0.10836421,-0.79882324,4.9
232161,0.17939142,-1.00770099,4.5
232305,0.28923386,-0.96887939,4.1
232480,0.41824686,-1.0033943,0.6
232572,0.4974787,-0.90507801,3.7
232695,0.58784297,-0.90308615,3.8
233456,1.11140145,-0.90079832,4.4
233462,1.11533397,-1.03710519,4.4
233563,1.19080892,-0.96250923,3.5
233821,1.32928865,-1.00427098,4.8
234133,1.51014142,-0.89158084,3.9
234153,1.52243792,-0.9805012,4.4
234358,1.61147726,-0.95917764,4.8
234479,1.6704614,-0.91922347,-0.9
234588,1.71859678,-0.92387361,4.4
234734,1.78326712,-0.88233904,2.8
234736,1.78359059,-0.93485245,4.4
235335,1.98280239,-0.9149287,4.9
235634,2.07479114,-0.92236167,3.6
235931,2.18816168,-1.03581888,1.7
236105,2.24339103,-1.00942087,4.8
236163,2.26395647,-0.92055021,3.7
236180,2.26680659,-1.03990426,4.4
236231,2.28342751,-0.95163234,2.0
236267,2.2925662,-0.98759936,4.6
236416,2.33355671,-0.91683236,4.8
236692,2.39830267,-1.0255832,3.6
236786,2.42072848,-1.0006216,4.2
236807,2.42492476,-1.03087727,2.3
236890,2.44592282,-0.95637886,2.6
237066,2.48579036,-0.99157779,3.0
237116,2.5001542,-1.02984956,4.2
237521,2.59663171,-0.94822216,3.7
237915,2.69535807,-0.95605268,4.6
237958,2.7011101,-0.9737333,4.6
238076,2.72943512,-1.00152704,4.9
238084,2.73160958,-1.0207323,4.1
238221,2.76487287,-1.00004346,4.5
238294,2.77874925,-1.0283878,4.7
238308,2.78079333,-0.96590739,4.4
238573,2.84251574,-1.02254109,3.9
238812,2.90791968,-1.02457527,4.0
238985,2.96147112,-0.94626065,4.3
239188,3.02108138,-0.94226361,4.8
239686,-3.11765008,-0.87934589,4.8
239688,-3.11647111,-0.88041355,2.9
239736,-3.10220028,-0.90914467,4.2
239790,-3.08715292,-1.02050759,3.1
240018,-3.01776685,-0.99193039,1.6
240234,-2.95181899,-0.98114712,4.9
240258,-2.9461858,-1.03699964,1.5
240365,-2.91627107,-0.9932087,4.3
240367,-2.91615014,-1.02756929,4.8
240644,-2.83985795,-1.04117835,4.8
241046,-2.71963588,-0.92873978,2.6
241156,-2.69008862,-0.89330712,4.7
241495,-2.58932488,-0.92854595,4.8
241640,-2.54462285,-0.98013095,4.4
241780,-2.49043583,-0.87679446,4.6
242303,-2.3183239,-0.90600914,3.5
242383,-2.29693467,-1.02304636,4.2
242462,-2.27164623,-1.03223208,4.5
243278,-2.09679215,-1.00594568,4.9
243642,-2.02419352,-0.87327394,4.1
244167,-1.8960526,-1.02895096,3.7
244314,-1.85670873,-0.97587482,3.1
244330,-1.85183338,-0.92652292,4.1
244724,-1.74036495,-0.96839647,2.8
244725,-1.74018547,-0.98319657,3.5
245241,-1.55885326,-0.87435924,3.9
246442,-1.03164456,-0.92547635,4.9
246573,-0.95249242,-0.99304396,2.1
246708,-0.87101441,-0.90933879,4.7
246783,-0.82502585,-1.02353961,3.7
246964,-0.71421243,-0.936551,4.6
247243,-0.54746883,-0.96396968,4.6
247286,-0.5255584,-0.99470988,4.7
247569,-0.3378345,-0.93835295,4.9
247592,-0.3248707,-0.90024684,3.7
247679,-0.27079218,-0.92542123,4.2
247813,-0.19842444,-1.02119433,4.1
248162,0.07626886,-1.13740548,4.3
248200,0.1276819,-1.10363171,4.5
248201,0.1277376,-1.10376319,4.5
248459,0.49595975,-1.18495435,4.7
248473,0.51135989,-1.07883378,3.0
248544,0.61458876,-1.20229837,4.3
248620,0.69295361,-1.19521577,4.3
248643,0.71892513,-1.18379579,4.9
248818,0.90974881,-1.10153523,4.8
248876,0.97549093,-1.13383477,3.8
248917,1.03824955,-1.07409332,4.4
248924,1.04793299,-1.08731496,4.5
248926,1.04932547,-1.0684639,4.8
248968,1.10730546,-1.09255207,3.4
249065,1.20503314,-1.08516714,4.8
249224,1.36916688,-1.17358828,4.8
249310,1.45381062,-1.0912196,3.8
249345,1.50395953,-1.14762787,4.5
249389,1.54338202,-1.10138556,4.5
249468,1.61940964,-1.14454407,4.9
249646,1.77883413,-1.08013754,3.3
249808,1.90616564,-1.18448113,4.0
250127,2.12832816,-1.19502951,4.5
250130,2.13010425,-1.06726777,4.8
250227,2.20434758,-1.15138886,3.6
250373,2.32964521,-1.05510511,4.0
250421,2.36345186,-1.15534087,4.2
250470,2.40045539,-1.084048,4.2
250494,2.41143867,-1.21319596,1.8
250543,2.44236787,-1.08543907,4.9
250613,2.49140006,-1.09199962,4.0
250652,2.52184588,-1.06641605,4.7
250682,2.54762468,-1.08693492,4.2
250694,2.55626508,-1.13166276,3.1
250884,2.672757,-1.21805244,3.6
250904,2.68523131,-1.06608143,3.4
251005,2.7499471,-1.07211542,3.6
251082,2.79762114,-1.11931533,3.0
251089,2.79962863,-1.05250204,4.5
251268,2.89934881,-1.08478433,4.8
251315,2.92537654,-1.04798867,4.7
251471,3.02580657,-1.09507096,3.3
251534,3.04786048,-1.07883329,4.9
251574,3.06843595,-1.15979582,3.8
251578,3.07214063,-1.06291051,4.2
251596,3.07972583,-1.16128303,4.7
251601,3.08590713,-1.10846574,4.5
251603,3.0871909,-1.22081573,4.9
251704,-3.13956189,-1.1001601,4.5
251741,-3.12301355,-1.12285428,4.3
251829,-3.07679716,-1.18128431,4.2
251840,-3.07304252,-1.11221548,4.3
251861,-3.06022984,-1.0493795,3.6
251903,-3.0377409,-1.09645186,1.6
251973,-2.99246204,-1.20183775,2.9
252015,-2.95538579,-1.05953737,4.7
252018,-2.95313403,-1.18394003,3.3
252239,-2.81948247,-1.16099244,4.8
252283,-2.79522246,-1.05988353,4.6
252292,-2.78979805,-1.1218063,4.5
252530,-2.64414508,-1.10728138,4.7
252581,-2.61679324,-1.0495154,0.9
252837,-2.4600959,-1.0581972,0.1
252852,-2.45026918,-1.13025767,3.4
253087,-2.29772218,-1.10701876,4.8
253096,-2.29419254,-1.19549634,3.1
253225,-2.21605145,-1.15455508,4.1
253345,-2.13490273,-1.10441812,3.0
253473,-2.04697189,-1.10933665,4.0
253553,-1.9937565,-1.22128804,4.9
253699,-1.90524074,-1.20321006,1.9
253881,-1.75948874,-1.18195947,4.7
253944,-1.71662345,-1.05844959,3.8
254019,-1.6544818,-1.12927588,3.6
254146,-1.55436594,-1.11130805,4.4
254225,-1.4895519,-1.07371502,4.3
254272,-1.45426592,-1.08756343,4.8
254357,-1.39388865,-1.13308816,4.9
254392,-1.36314475,-1.08642591,4.4
254412,-1.34475429,-1.17459243,4.2
254732,-1.03043868,-1.15736375,3.6
254822,-0.90994318,-1.06032306,4.8
254861,-0.87058026,-1.15863401,3.6
254998,-0.68793723,-1.14483302,4.3
255192,-0.45773514,-1.05609403,2.9
255221,-0.41974826,-1.13833365,4.8
255246,-0.39427242,-1.08628939,4.9
255618,-0.01163741,-1.14939167,4.7
255669,0.10103813,-1.35325316,2.9
255928,0.74513008,-1.31373163,4.7
256028,0.99479871,-1.29839663,3.2
256373,1.87265131,-1.22902571,3.9
256437,2.0178177,-1.26512465,3.9
256495,2.18101282,-1.33975376,4.1
256502,2.1911766,-1.34955674,4.3
256581,2.37815277,-1.26364315,4.5
256582,2.37906674,-1.22761597,4.9
256709,2.72013084,-1.28765001,4.1
256721,2.74484892,-1.25201669,4.9
256722,2.74832649,-1.27346582,4.9
256730,2.77024819,-1.36743502,4.1
256923,-3.07453332,-1.3794153,4.4
256954,-3.0130786,-1.2541411,4.0
256999,-2.88503128,-1.24406672,3.6
257192,-2.4366983,-1.37592852,3.8
257379,-2.038541,-1.37137137,4.8
257406,-1.98220082,-1.37512698,3.9
257423,-1.93781913,-1.35117709,4.2
257619,-1.4084591,-1.24746511,4.1
257756,-1.06968625,-1.27488462,4.1
257947,-0.62832834,-1.35461902,3.7
258206,-0.00412245,-1.34986746,4.7
258592,2.8158098,-1.40108686,4.6
258697,-2.53661106,-1.45632944,4.1
258940,-0.34438167,-1.42496946,4.3
