,Star ID,RA,DE,Magnitude
0,142,0.21837139,1.45624411,5.5
1,180,0.26840197,1.50080993,4.5
2,307,0.47478673,1.55384598,2.1
3,649,1.05401008,1.40613484,5.3
4,684,1.11877533,1.46071051,5.4
5,690,1.12678421,1.4086501,5.6
6,782,1.26932169,1.41575073,5.3
7,1167,1.91045333,1.52064002,5.3
8,1178,1.92284255,1.44014083,5.1
9,1550,2.48763146,1.42331756,4.6
10,1700,2.71704154,1.47494255,5.6
11,1713,2.72779727,1.44538497,5.3
12,2101,-2.92880545,1.46057127,5.3
13,2769,-1.8717998,1.43331063,4.4
14,2936,-1.62182262,1.51162375,4.4
15,3407,-0.90989795,1.41813577,5.6
16,3466,-0.82941485,1.40264898,5.6
17,3720,-0.44697744,1.49849611,5.4
18,3793,-0.31531663,1.44668039,5.0
19,3815,-0.28410614,1.46745247,5.0
20,4469,0.43203612,1.22820657,5.3
21,4553,0.5140378,1.23335277,4.6
22,4559,0.5197555,1.25979237,4.1
23,4561,0.52376109,1.34464747,5.4
24,4564,0.526559,1.32429121,5.3
25,4693,0.66859165,1.26713561,5.3
26,4839,0.81359389,1.29514155,4.9
27,4874,0.84604552,1.35357367,5.5
28,4999,0.97735828,1.2342793,5.4
29,5454,1.33537403,1.28955208,5.4
30,5495,1.37129327,1.3819293,5.2
31,5945,1.73546728,1.3896999,5.6
32,6021,1.80120387,1.34469707,4.8
33,6377,2.0693143,1.29249858,5.6
34,6391,2.08137416,1.38964027,5.3
35,6896,2.48751874,1.22263451,4.6
36,6935,2.52372371,1.2650398,5.4
37,7163,2.75282566,1.32595262,5.0
38,7521,-3.09847989,1.3595058,5.1
39,7539,-3.06912963,1.31664124,5.4
40,7599,-2.99922752,1.22691629,5.2
41,7957,-2.57868339,1.35755956,5.0
42,8023,-2.49755241,1.32502372,4.4
43,8101,-2.39621742,1.2978248,2.2
44,8206,-2.28150094,1.25672956,5.1
45,8273,-2.21283961,1.35291897,5.3
46,8327,-2.15636795,1.36047004,4.3
47,8416,-2.07197475,1.34264737,5.6
48,8445,-2.04107725,1.32652426,5.5
49,8526,-1.9702123,1.38006956,5.5
50,8889,-1.64575225,1.25967301,4.9
51,8938,-1.60708724,1.34339466,5.0
52,9083,-1.47709359,1.24462449,4.2
53,9086,-1.47498655,1.26905872,3.7
54,9282,-1.33074686,1.2432117,4.9
55,9340,-1.26092068,1.33479887,5.1
56,9365,-1.23689506,1.27868576,4.6
57,9539,-1.09802567,1.2241863,4.0
58,9664,-1.00090458,1.3537082,4.4
59,9801,-0.90674632,1.30522063,5.2
60,10056,-0.66312868,1.22768326,3.3
61,10125,-0.60564851,1.24059816,4.9
62,10215,-0.52995881,1.27307409,5.1
63,10264,-0.48498307,1.25829028,5.0
64,10401,-0.3950672,1.37126331,5.5
65,10424,-0.37291998,1.28078258,5.2
66,10628,-0.23430994,1.31104072,4.6
67,10817,-0.09915411,1.35006905,3.4
68,11255,0.13150628,1.09355607,4.2
69,11443,0.21845698,1.06203988,4.9
70,11611,0.29340607,1.19578267,5.3
71,11750,0.35941013,1.18455307,5.0
72,12030,0.48333826,1.10697455,3.4
73,12037,0.48904818,1.1945173,5.0
74,12297,0.63230778,1.17249891,4.6
75,12703,0.85330544,1.14269479,4.8
76,12742,0.87401588,1.12415731,5.5
77,12873,0.95030881,1.10055062,5.3
78,12915,0.98139399,1.14098893,4.7
79,12967,1.01602707,1.06403518,5.2
80,12968,1.01661409,1.09830084,4.9
81,13074,1.10160812,1.077339,5.6
82,13097,1.1167874,1.13483233,5.4
83,13297,1.26127856,1.15646796,4.4
84,13350,1.30446033,1.05368736,4.2
85,13755,1.60492508,1.14723013,5.4
86,13771,1.61960279,1.04747191,5.6
87,13786,1.628851,1.07397628,5.3
88,13787,1.62900306,1.21022614,4.7
89,13972,1.77040921,1.18036923,5.0
90,13985,1.78165058,1.20339831,5.1
91,14455,2.128705,1.19771261,5.5
92,14572,2.20839645,1.06268522,3.5
93,14589,2.22594465,1.14000946,5.4
94,14615,2.25088977,1.12581891,4.8
95,14702,2.32286489,1.13092391,5.6
96,14741,2.34775678,1.18379482,5.0
97,14768,2.37378581,1.1706954,5.3
98,14795,2.38594661,1.11210058,4.7
99,14818,2.40161894,1.07566198,5.2
100,14907,2.4766633,1.10447882,3.8
101,15162,2.70766294,1.14877799,4.9
102,15260,2.78622785,1.15154987,5.1
103,15268,2.79042224,1.21018406,5.2
104,15383,2.88267088,1.08247647,2.0
105,15541,3.00863537,1.07092836,5.5
106,15566,3.02438609,1.21477132,5.4
107,15605,3.05302375,1.16974963,5.5
108,15815,-3.01972249,1.21261981,5.3
109,15940,-2.90819456,1.1468446,5.3
110,15959,-2.8883706,1.16704296,5.5
111,16079,-2.76364822,1.05075061,5.4
112,16198,-2.66175625,1.13393629,4.8
113,16272,-2.60476115,1.12773272,3.6
114,16304,-2.56942696,1.21591742,5.4
115,16557,-2.37024423,1.1542065,4.9
116,16659,-2.294873,1.17873065,5.2
117,16847,-2.1559306,1.09525742,5.1
118,16961,-2.06743791,1.18580724,5.4
119,17061,-1.99877883,1.20820607,5.4
120,17072,-1.99353187,1.07878636,5.6
121,17106,-1.97191923,1.20211889,5.0
122,17187,-1.91739362,1.1289415,5.0
123,17280,-1.85115393,1.13814472,4.8
124,17364,-1.79491507,1.14800966,3.2
125,17390,-1.7797691,1.09835601,5.5
126,17525,-1.69227538,1.18973859,5.2
127,17545,-1.6821892,1.08057896,5.3
128,17575,-1.67010933,1.20045918,4.9
129,17827,-1.51142444,1.12364486,5.0
130,17887,-1.45804616,1.14375702,5.0
131,18221,-1.25425003,1.17938215,3.2
132,18298,-1.21991998,1.14525189,4.6
133,18395,-1.16736455,1.21433275,4.8
134,18675,-1.03585822,1.18212707,4.7
135,18896,-0.92177542,1.09651435,4.3
136,19018,-0.85401228,1.07589299,3.6
137,19228,-0.74664676,1.19182644,5.2
138,19301,-0.7095359,1.08861877,2.6
139,19312,-0.70539939,1.12851986,5.2
140,19540,-0.62579725,1.07958955,4.9
141,19752,-0.54436433,1.10631345,4.9
142,19826,-0.51338569,1.1237093,4.6
143,19848,-0.50787394,1.08273658,5.2
144,20189,-0.36271948,1.10521545,5.2
145,20267,-0.31462438,1.15082066,3.7
146,20553,-0.18954057,1.18399316,4.9
147,20613,-0.16316428,1.08224638,5.2
148,20852,-0.06324825,1.17860344,5.0
149,21132,0.02834233,1.02754694,2.4
150,21488,0.12654089,0.94678057,4.9
151,21550,0.14548091,0.9406165,5.1
152,21608,0.16430189,0.98198332,2.5
153,21636,0.17132007,0.87682976,4.9
154,21728,0.20065979,0.88481149,5.0
155,21731,0.20097795,1.00445226,3.6
156,21831,0.22696641,1.02455205,5.0
157,22023,0.28330228,0.95427312,5.3
158,22267,0.3600831,1.04678236,2.8
159,22396,0.39551074,1.02933057,4.9
160,22553,0.43856903,0.8803049,4.2
161,22858,0.51904173,0.94678784,5.0
162,23255,0.60586247,0.97072023,5.2
163,23654,0.72881569,0.97196625,4.0
164,23684,0.7448088,0.91733487,4.1
165,23788,0.79045925,0.93047522,3.1
166,23790,0.79310437,0.98630684,5.1
167,24053,0.89448605,1.0431496,4.4
168,24060,0.89842271,1.02463631,4.8
169,24063,0.89960793,0.96483173,5.0
170,24383,1.04837878,1.03007359,5.1
171,24411,1.05962604,0.87646237,4.3
172,24511,1.10307565,0.93354952,5.1
173,24928,1.27963135,0.93679627,4.4
174,25000,1.31678889,1.02808818,5.3
175,25018,1.32101746,0.89943177,5.0
176,25160,1.39267174,1.00353581,5.3
177,25446,1.52926826,1.04509923,5.3
178,25449,1.5300149,0.97211228,4.9
179,25501,1.55076272,0.94742357,3.9
180,25596,1.59511058,1.02878365,5.4
181,25664,1.63717331,1.03029811,4.4
182,25680,1.64806155,0.9333554,5.4
183,25732,1.66875926,1.02009593,5.5
184,25938,1.753282,1.03838315,4.9
185,25946,1.75653064,0.9987411,5.5
186,26011,1.78320436,1.03865363,5.4
187,26050,1.80184346,1.02085724,4.5
188,26247,1.88302002,1.04246999,5.3
189,26311,1.91460372,0.96652809,5.6
190,26473,2.00183703,1.02677245,5.0
191,26487,2.00839096,0.8823355,5.3
192,26686,2.11492505,0.9015106,4.9
193,26755,2.15417641,1.04242417,5.5
194,26818,2.18180425,0.93170136,5.6
195,27135,2.37956125,0.90421761,4.5
196,27184,2.40917054,0.99396768,5.5
197,27190,2.4111888,0.94648813,4.9
198,27297,2.49324968,0.91237188,4.6
199,27376,2.54382794,1.0011005,5.4
200,27400,2.5632416,1.03454542,3.9
201,27407,2.56876411,0.94769725,4.5
202,27429,2.58510818,0.87365878,5.3
203,27669,2.73772682,0.98153269,4.8
204,27694,2.75742751,1.00078702,5.2
205,27814,2.83859522,0.95733782,5.4
206,27875,2.87472099,0.98874415,2.4
207,28141,3.07291541,0.97575027,5.4
208,28178,3.10323658,0.94200258,2.5
209,28314,-3.08504515,1.0002528,3.4
210,28365,-3.04734043,0.90476196,5.0
211,28404,-3.02104457,1.02417007,5.4
212,28443,-2.99271606,1.04304425,5.5
213,28552,-2.91542095,0.98141386,1.7
214,28600,-2.8859491,0.98847585,4.9
215,28737,-2.784105,0.96311452,4.0
216,28802,-2.73928945,0.97047617,5.5
217,28831,-2.71584619,0.92805187,5.3
218,28842,-2.71030986,0.95878218,4.8
219,28884,-2.68462508,0.95438148,5.5
220,29045,-2.56697805,0.90797627,4.6
221,29070,-2.5551858,0.90054107,4.9
222,29136,-2.51548414,0.90898842,4.1
223,29164,-2.50066469,0.87384937,5.6
224,29226,-2.4580103,0.94664516,5.5
225,29406,-2.33504306,0.95553446,5.2
226,29486,-2.27498032,0.90997681,5.5
227,29519,-2.25229351,1.03219819,3.5
228,29627,-2.17519038,0.91661168,5.5
229,29726,-2.10923039,0.95801724,5.0
230,29764,-2.09026238,1.02447768,4.1
231,29873,-2.02276737,1.04502825,5.6
232,30025,-1.93298006,0.97935122,5.4
233,30075,-1.90090767,0.99257985,4.9
234,30238,-1.81388018,0.95182476,5.1
235,30428,-1.70474969,0.91346485,3.0
236,30446,-1.69651144,0.96373237,5.0
237,30590,-1.62370081,0.88648948,5.2
238,30630,-1.60281583,0.99274173,3.9
239,30652,-1.59068027,0.89874048,2.4
240,30948,-1.46966373,1.02575182,4.9
241,31038,-1.43243113,0.99495703,5.0
242,31118,-1.38900726,0.96845232,5.1
243,31217,-1.35061016,1.03544741,4.9
244,31240,-1.34396234,0.88392549,5.0
245,31310,-1.31348766,0.88072451,5.2
246,31467,-1.26217783,0.9908831,5.2
247,31536,-1.23941749,0.92983327,4.0
248,31701,-1.1848841,0.90098255,3.9
249,32041,-1.09356425,0.9225888,5.2
250,32084,-1.08095192,1.00167835,5.0
251,32113,-1.07191031,0.912903,4.8
252,32121,-1.06914767,1.02471606,5.1
253,32377,-0.9938096,0.98461266,4.3
254,32861,-0.85472925,1.00181472,4.6
255,33664,-0.609487,0.88943482,4.8
256,33692,-0.60224759,1.02189343,4.0
257,34136,-0.48382447,1.01149345,3.6
258,34394,-0.42940066,0.90718816,4.6
259,34507,-0.40444158,1.01506294,4.0
260,34541,-0.39607643,0.87310076,3.9
261,34627,-0.36951434,0.89511998,4.8
262,35477,-0.14087904,1.01705814,4.9
263,35762,-0.06718833,1.01880774,5.1
264,35878,-0.03545766,0.99869931,4.8
265,35937,-0.01805796,0.89203962,4.8
266,35946,-0.01544055,0.96825044,4.9
267,36122,0.03365169,0.7992587,5.1
268,36389,0.11140495,0.77000824,5.2
269,36601,0.17754523,0.81596712,5.0
270,36698,0.205282,0.71221665,4.4
271,36949,0.28419865,0.76229616,5.2
272,36971,0.29054831,0.81988199,4.3
273,37154,0.34638263,0.79006629,5.0
274,37227,0.36936658,0.78800428,5.0
275,37361,0.40950821,0.71831028,4.2
276,37374,0.41412562,0.84431592,3.8
277,37405,0.42036132,0.77025957,5.2
278,37417,0.42594005,0.70379757,4.9
279,37433,0.43079199,0.73938236,5.1
280,37734,0.52723248,0.73464472,5.1
281,37866,0.56755649,0.76791447,5.1
282,37947,0.59359114,0.82293113,5.1
283,38287,0.701497,0.85553349,4.2
284,38591,0.80680434,0.711476,2.9
285,38596,0.80915711,0.86261264,4.2
286,38608,0.81206941,0.7796299,4.0
287,38749,0.86430218,0.75311907,5.0
288,38786,0.87589647,0.86716703,1.9
289,38848,0.89223174,0.85329501,4.9
290,38979,0.92906146,0.83824969,4.3
291,39052,0.95711246,0.83129228,3.1
292,39077,0.96773279,0.74041046,3.9
293,39335,1.06910951,0.83044598,4.0
294,39403,1.09614008,0.84272122,4.3
295,39408,1.09728225,0.70439758,4.9
296,39482,1.1254219,0.809508,4.9
297,39638,1.1921417,0.71844816,4.5
298,39698,1.21890211,0.75523805,5.3
299,39954,1.30190873,0.76360753,3.5
300,39965,1.30453764,0.71567124,3.9
301,40025,1.32210247,0.7185345,3.3
302,40185,1.36568131,0.80196929,0.2
303,40232,1.37715285,0.69912319,4.9
304,40268,1.3886878,0.72879495,5.1
305,40749,1.55273065,0.78443188,2.1
306,40755,1.55431454,0.80170958,4.6
307,41075,1.66263556,0.86072323,5.1
308,41238,1.72683626,0.74237643,5.1
309,41287,1.74291096,0.7779762,5.2
310,41329,1.75901599,0.7614762,5.3
311,41345,1.76212776,0.85250001,5.3
312,41379,1.77688482,0.7302859,5.0
313,41462,1.80629471,0.78821357,4.8
314,41643,1.88551003,0.82607985,5.5
315,41680,1.89690412,0.86491774,4.8
316,41707,1.90972262,0.79103223,5.6
317,41737,1.92283782,0.71158126,5.3
318,41763,1.93272286,0.86067354,4.5
319,41796,1.9422853,0.8427779,5.6
320,41807,1.94666462,0.86878898,5.4
321,42318,2.1791275,0.75660426,4.4
322,42489,2.25832618,0.80304291,5.5
323,42575,2.30644942,0.76644748,5.2
324,42629,2.33784135,0.84193738,3.1
325,42641,2.34485532,0.73272699,4.1
326,42660,2.35715922,0.82651419,3.7
327,42681,2.36475126,0.85050753,5.6
328,42758,2.40218901,0.75791369,5.3
329,42957,2.50999153,0.70625257,5.2
330,43045,2.55417614,0.80730268,5.2
331,43114,2.59455994,0.72072804,5.2
332,43267,2.67946969,0.75336914,3.5
333,43309,2.70245829,0.72870526,3.2
334,43378,2.75029573,0.71005923,4.8
335,43443,2.79522538,0.81100554,5.3
336,43511,2.84099657,0.75846172,4.8
337,43556,2.86527418,0.71030911,5.1
338,43628,2.90972443,0.78138686,3.1
339,43718,2.96744894,0.76370915,5.1
340,43836,3.03549773,0.7662487,5.5
341,43885,3.0692364,0.83874784,3.9
342,44001,3.13975913,0.75612923,5.1
343,44126,-3.06586834,0.85977479,5.6
344,44229,-3.00470873,0.72656166,4.3
345,44316,-2.95490903,0.7978476,5.4
346,44518,-2.829829,0.70541186,5.0
347,44548,-2.81302373,0.71271121,4.7
348,44555,-2.80946406,0.87169684,5.1
349,44667,-2.73836436,0.85994239,4.6
350,44751,-2.68094978,0.86502459,1.9
351,44900,-2.59211683,0.7695435,5.4
352,44904,-2.5899812,0.86732038,5.4
353,44964,-2.55480067,0.80838774,4.3
354,45152,-2.45665789,0.7787585,5.4
355,45336,-2.35592804,0.70837484,3.6
356,45356,-2.34686578,0.83510766,4.9
357,45369,-2.33973283,0.84375107,5.6
358,45579,-2.22908492,0.71562979,5.1
359,45642,-2.19898817,0.707125,5.4
360,45771,-2.13390585,0.74334441,4.6
361,45787,-2.12510467,0.75543532,5.5
362,45864,-2.08899214,0.80589943,4.6
363,45910,-2.06301524,0.78653389,4.3
364,46027,-2.01482946,0.81038352,3.9
365,46107,-1.97659686,0.73287694,5.0
366,46146,-1.96227585,0.79767103,5.5
367,46160,-1.95263625,0.74244891,4.3
368,46209,-1.93126157,0.85565397,5.1
369,46304,-1.8859558,0.80406378,4.9
370,46523,-1.79799092,0.71276886,5.1
371,46871,-1.66656661,0.80341035,3.8
372,47036,-1.60713712,0.69841672,5.1
373,47236,-1.54474227,0.75842303,5.1
374,47341,-1.50932037,0.73550361,5.4
375,47416,-1.4823802,0.85687885,5.1
376,47918,-1.33599659,0.7658384,4.3
377,48010,-1.30889578,0.81791438,5.1
378,48717,-1.1375496,0.79247455,5.0
379,48795,-1.11957991,0.78553503,3.0
380,49331,-0.99602799,0.81443317,5.0
381,49384,-0.98643922,0.83007709,4.2
382,49527,-0.95804562,0.69980227,2.3
383,49940,-0.87386169,0.78715862,1.3
384,50098,-0.84110463,0.80159307,4.9
385,50120,-0.8364318,0.76567885,5.1
386,50179,-0.82259337,0.77138588,4.7
387,50273,-0.80587537,0.71512854,4.0
388,50334,-0.79358702,0.82597746,4.9
389,50423,-0.77182903,0.76319045,3.9
390,50455,-0.76411824,0.82810162,4.9
391,50689,-0.71303019,0.76331606,5.1
392,51078,-0.6364487,0.78801795,5.1
393,51100,-0.63293579,0.70141656,5.1
394,51292,-0.58929878,0.85656566,4.3
395,51903,-0.44088936,0.80781372,4.7
396,51969,-0.4254949,0.85909319,4.6
397,52054,-0.40385937,0.82816673,4.6
398,52078,-0.40000931,0.74816399,4.5
399,52250,-0.35641215,0.76820405,4.6
400,52316,-0.34096686,0.7252962,5.2
401,52435,-0.30642257,0.75130044,5.2
402,52511,-0.28752051,0.72146084,5.5
403,52515,-0.28695379,0.86334888,5.1
404,52525,-0.28422918,0.84502957,5.2
405,52622,-0.26050101,0.74156553,5.1
406,52648,-0.2533733,0.86882437,4.9
407,52786,-0.21706667,0.85753005,4.6
408,52906,-0.18692883,0.84388167,5.4
409,53203,-0.10860892,0.80611823,4.0
410,53215,-0.10613019,0.75033751,4.3
411,53263,-0.09626515,0.76893951,4.3
412,53354,-0.07178575,0.80534122,5.1
413,53776,0.06314449,0.67027867,4.4
414,53797,0.06853901,0.63718941,4.5
415,53827,0.08063349,0.65784698,5.2
416,54032,0.14923919,0.58371446,4.5
417,54037,0.15126617,0.61304103,5.6
418,54057,0.15990547,0.53385642,3.5
419,54078,0.16755496,0.68389917,5.4
420,54280,0.23548565,0.66721508,3.9
421,54373,0.262115,0.55041329,5.5
422,54470,0.2920122,0.61707929,2.4
423,54492,0.29822485,0.54383306,5.0
424,55217,0.52375775,0.57672699,5.4
425,55288,0.54742638,0.65664523,4.8
426,55305,0.55222065,0.60653353,3.1
427,55396,0.58019995,0.5781838,5.3
428,55419,0.58465723,0.59335188,5.1
429,55792,0.69413069,0.69784794,5.0
430,55927,0.73049782,0.66521731,4.3
431,55945,0.73489525,0.60834033,4.7
432,55974,0.74414354,0.6655849,5.3
433,56030,0.76028841,0.55386608,5.2
434,56046,0.76600139,0.68877805,4.6
435,56051,0.76774788,0.61058773,5.0
436,56137,0.79396446,0.67453514,3.7
437,56223,0.82053506,0.68806401,4.8
438,56339,0.8534455,0.59413102,4.9
439,56645,0.95643877,0.59002974,5.0
440,56672,0.96506513,0.56080081,3.9
441,56726,0.98775543,0.57490627,5.1
442,56798,1.00785195,0.55391199,2.9
443,56839,1.02315798,0.69581691,3.0
444,56855,1.02849527,0.62219291,4.0
445,57170,1.12206316,0.6012286,5.1
446,57228,1.14719067,0.54677466,5.3
447,57446,1.25026567,0.65278756,5.1
448,57474,1.26222613,0.63915038,5.0
449,57521,1.28165215,0.57750977,2.9
450,57547,1.29092145,0.66002525,5.0
451,57754,1.35264159,0.67068286,4.8
452,57798,1.36199619,0.56953124,5.1
453,57980,1.40172192,0.65171879,5.2
454,58050,1.415159,0.6010081,5.3
455,58163,1.43758728,0.56124689,4.9
456,58464,1.5084358,0.68358002,4.6
457,58495,1.51681687,0.65089073,5.0
458,58635,1.55469764,0.64945665,2.7
459,58748,1.58448327,0.67176453,5.3
460,59127,1.68142483,0.53277703,5.0
461,59279,1.71526865,0.67173893,5.1
462,59318,1.72498861,0.6972154,5.3
463,59569,1.78675698,0.59382195,3.6
464,59772,1.84524419,0.60304592,5.6
465,59857,1.86732086,0.52934212,4.5
466,59865,1.86845627,0.68773153,5.1
467,60009,1.9142156,0.64326762,5.2
468,60117,1.94559481,0.55650948,4.2
469,60197,1.96965163,0.55850085,1.6
470,60203,1.97209523,0.54229794,5.3
471,60242,1.98648482,0.61369956,5.6
472,60327,2.02162259,0.65694712,5.5
473,60339,2.02582651,0.58538639,5.3
474,61124,2.31778955,0.53703975,5.6
475,61145,2.32941701,0.57777617,5.5
476,61176,2.3408287,0.56922406,5.6
477,61253,2.37083424,0.67462919,4.7
478,61305,2.38948083,0.54398524,5.3
479,61390,2.42486905,0.64604119,3.8
480,61413,2.43479722,0.60397395,3.3
481,61569,2.49218248,0.63915111,4.6
482,61577,2.49561103,0.69541805,5.0
483,61807,2.60985011,0.56148042,5.6
484,61873,2.63756796,0.61940489,4.5
485,62037,2.7185831,0.59430934,4.8
486,62052,2.72706882,0.64514583,4.4
487,62172,2.77468606,0.5626335,4.8
488,62235,2.80600512,0.54011269,5.4
489,62296,2.83843123,0.60187495,3.9
490,62313,2.84914195,0.58947293,5.2
491,62353,2.87125876,0.68907436,5.1
492,62483,2.94750928,0.5552032,3.9
493,62485,2.9486572,0.58237061,3.7
494,62490,2.95140427,0.67125547,4.8
495,62571,2.99490515,0.69136569,5.3
496,62654,3.04743811,0.60186167,5.5
497,62801,3.1376776,0.63392913,5.6
498,62927,-3.08054103,0.58190557,5.1
499,62999,-3.03953852,0.68584075,5.2
500,63069,-3.00550947,0.58509666,5.4
501,63255,-2.90741287,0.67342472,5.4
502,63287,-2.88902939,0.54200012,5.1
503,63337,-2.86493811,0.62947021,5.1
504,63622,-2.7377004,0.65341549,5.0
505,63647,-2.72602975,0.63789341,4.9
506,63738,-2.68414039,0.67705079,5.6
507,63792,-2.6634333,0.60547615,5.0
508,64052,-2.54869325,0.62377035,4.8
509,64201,-2.48851618,0.5338969,3.8
510,64202,-2.48681514,0.67240807,3.0
511,64354,-2.40628885,0.65408449,5.5
512,64448,-2.36624096,0.68875322,5.6
513,64588,-2.29735384,0.58469112,3.5
514,64655,-2.2697756,0.57790794,5.4
515,64672,-2.26396452,0.53175504,5.0
516,64685,-2.25758375,0.65539775,4.5
517,64768,-2.22131718,0.55024641,4.2
518,64789,-2.21040626,0.683734,5.4
519,64833,-2.19259968,0.64223065,5.1
520,64947,-2.14088186,0.62502737,4.8
521,65023,-2.09818871,0.58387164,5.4
522,65107,-2.06323581,0.63908435,4.9
523,65253,-2.00648744,0.54117332,4.7
524,65256,-2.00506573,0.59193966,5.4
525,65484,-1.92248111,0.55313421,3.0
526,65503,-1.91471497,0.68096348,3.6
527,65626,-1.87156381,0.55472217,5.4
528,65715,-1.83968821,0.54103229,3.9
529,65735,-1.83365177,0.5871195,5.3
530,65811,-1.80528473,0.62830244,5.4
531,65889,-1.7745481,0.64340511,3.4
532,65912,-1.76506609,0.57862542,4.6
533,65920,-1.76302318,0.65175472,4.8
534,66484,-1.59463584,0.65024025,4.0
535,66523,-1.58568579,0.52695504,4.5
536,66647,-1.54843219,0.53326092,5.2
537,66736,-1.52707786,0.54788668,5.0
538,66868,-1.49178723,0.62903295,4.3
539,66942,-1.47226754,0.68903587,5.0
540,67089,-1.4358863,0.53259357,5.4
541,67173,-1.41701427,0.67607113,0.1
542,67309,-1.38456438,0.69144171,5.1
543,67320,-1.38295969,0.65540158,4.3
544,67450,-1.36034342,0.58125529,3.9
545,67681,-1.31717336,0.55980476,5.1
546,67834,-1.28485067,0.56586541,5.0
547,68009,-1.2563978,0.68170665,4.5
548,68064,-1.2451573,0.66398642,4.5
549,68446,-1.17848092,0.59944303,4.9
550,68636,-1.14580763,0.52424411,4.8
551,68777,-1.12367925,0.64982967,5.0
552,68942,-1.09675878,0.57223427,4.2
553,69100,-1.07305714,0.66938298,4.9
554,69115,-1.07150663,0.60998404,4.0
555,69517,-1.01417505,0.64038598,4.8
556,69772,-0.9776389,0.66107036,4.9
557,69949,-0.95180919,0.55898964,4.6
558,70094,-0.92785688,0.52710083,4.1
559,70202,-0.90776086,0.61223857,4.9
560,70466,-0.85697309,0.53295801,4.3
561,70498,-0.85005453,0.5967177,5.2
562,70504,-0.84884589,0.63366094,4.5
563,71069,-0.73824831,0.52396486,3.4
564,71120,-0.7295797,0.66027881,3.8
565,71164,-0.71798838,0.68389515,4.3
566,71172,-0.71619913,0.60538621,4.4
567,71357,-0.67494325,0.644004,5.2
568,71479,-0.64258368,0.66862041,5.0
569,72063,-0.49301981,0.57469218,5.6
570,72131,-0.47742951,0.59965145,5.4
571,72154,-0.47242376,0.68881576,4.6
572,72190,-0.46344491,0.65448422,4.2
573,72405,-0.40256273,0.56402346,5.5
574,72574,-0.36209967,0.67700565,4.9
575,72626,-0.35241011,0.69750057,5.2
576,72850,-0.29056437,0.62979173,5.6
577,73204,-0.1768505,0.55044616,5.4
578,73240,-0.16408596,0.56042459,5.5
579,73310,-0.13602776,0.68000515,5.3
580,73340,-0.12449782,0.54191116,5.2
581,73345,-0.12141913,0.69744477,5.5
582,73764,0.02529571,0.50290751,2.1
583,74040,0.11989394,0.51445747,5.3
584,74083,0.13074626,0.3494011,5.5
585,74163,0.156674,0.50685389,4.5
586,74181,0.16270367,0.36938783,5.6
587,74266,0.1949655,0.41880121,4.3
588,74358,0.22813462,0.40767449,5.6
589,74387,0.23793835,0.40401216,4.6
590,74481,0.27487278,0.37011462,5.5
591,74505,0.28477527,0.35733575,5.6
592,74543,0.30002472,0.36249354,4.9
593,74545,0.30063107,0.52053994,4.7
594,74570,0.30991645,0.42445283,4.6
595,74636,0.33471801,0.47127182,4.7
596,74882,0.43535894,0.34952322,5.3
597,74995,0.48094294,0.51201241,3.6
598,75011,0.48813515,0.3589177,2.7
599,75050,0.50237682,0.40758892,4.8
600,75145,0.54001127,0.39114462,5.1
601,75150,0.5425732,0.405387,2.2
602,75170,0.5522645,0.44862476,5.1
603,75203,0.56721426,0.36611825,5.4
604,75275,0.59360997,0.49589822,5.3
605,75494,0.68055261,0.37954551,5.4
606,75509,0.68833932,0.46857606,5.4
607,75531,0.70036071,0.47988938,4.6
608,75577,0.71961875,0.50685651,4.6
609,75595,0.72882304,0.47221119,3.7
610,75672,0.76945932,0.36899126,4.6
611,75722,0.79633192,0.43741447,5.4
612,75809,0.83785447,0.36408504,5.0
613,75870,0.86091733,0.50385314,4.7
614,75885,0.8653997,0.36596442,5.2
615,75898,0.87210256,0.35891848,5.3
616,76125,0.9678962,0.42121359,5.4
617,76228,0.98701214,0.41862479,5.2
618,76429,1.05476537,0.38304649,4.5
619,76454,1.06261783,0.47938658,5.3
620,76460,1.064262,0.50383811,5.3
621,76531,1.10970907,0.35704443,4.8
622,76557,1.12256931,0.47530353,5.1
623,76720,1.21841458,0.39903075,4.3
624,76919,1.30944949,0.37560087,4.7
625,76970,1.33013579,0.35524742,5.3
626,77096,1.37998632,0.384786,5.1
627,77167,1.40991406,0.49859083,1.8
628,77183,1.41646196,0.38215841,4.8
629,77335,1.46020522,0.36850688,3.0
630,77359,1.46885238,0.45153311,5.0
631,77591,1.50947303,0.42852313,5.0
632,77674,1.52796189,0.48175199,4.5
633,77774,1.54850143,0.45290611,4.9
634,77914,1.57550683,0.4061018,4.3
635,78134,1.62253865,0.39310322,3.7
636,78142,1.62399113,0.51519327,4.5
637,78296,1.65777889,0.39341651,3.2
638,78422,1.68421561,0.35335189,4.1
639,78523,1.71064993,0.48979422,5.0
640,78681,1.74906448,0.43951715,3.2
641,78804,1.7826532,0.38086546,5.2
642,78998,1.82983425,0.42391483,5.2
643,79030,1.83758641,0.36033025,3.9
644,79293,1.90737326,0.38530121,3.5
645,79327,1.91549006,0.35848471,5.2
646,79351,1.92173114,0.43892296,5.1
647,79373,1.93130682,0.48693314,3.9
648,79402,1.94068643,0.37610309,5.3
649,79433,1.94911456,0.48905973,5.1
650,79532,1.97590202,0.47138914,4.2
651,79637,2.00795637,0.50625481,4.3
652,79649,2.01178446,0.4521275,5.4
653,79652,2.01337235,0.42794736,3.7
654,79665,2.01698372,0.49128648,1.2
655,79773,2.0526784,0.46943869,5.0
656,79798,2.06275404,0.34937245,5.4
657,79895,2.0963586,0.4875778,5.0
658,79958,2.1154421,0.3792327,5.4
659,80015,2.1382569,0.5202475,5.6
660,80103,2.16870301,0.47789088,5.2
661,80242,2.22450635,0.35975464,5.5
662,80377,2.27065169,0.37785806,4.7
663,80415,2.28496427,0.50517193,4.2
664,80510,2.32421156,0.49078038,5.3
665,80594,2.3553998,0.43024044,5.5
666,80649,2.37802572,0.52109394,5.4
667,80665,2.38450046,0.38831612,5.2
668,80806,2.45108056,0.46074423,4.6
669,80884,2.48216713,0.40473318,4.5
670,81003,2.54388983,0.41897414,3.1
671,81053,2.57021085,0.42992414,5.3
672,81063,2.57402861,0.45803296,4.1
673,81153,2.6181279,0.38730912,5.6
674,81257,2.67648045,0.51592568,5.4
675,81264,2.6786992,0.41307066,3.6
676,81484,2.79378759,0.46405949,5.5
677,81489,2.79558245,0.40929193,5.0
678,81582,2.84885434,0.43662708,4.5
679,81636,2.87832109,0.35689157,4.4
680,81691,2.9065768,0.43510191,5.6
681,81726,2.9297595,0.36299295,2.6
682,81735,2.93454112,0.40785426,4.9
683,81940,3.04641309,0.37752674,5.4
684,81997,3.07792167,0.35773786,4.5
685,82210,-3.0813177,0.42277508,5.1
686,82290,-3.04646319,0.46034242,5.1
687,82309,-3.03729803,0.48075123,5.1
688,82312,-3.03491885,0.49822397,4.6
689,82329,-3.02633089,0.45709058,5.4
690,82332,-3.02400189,0.42560072,5.5
691,82345,-3.01717758,0.43359787,5.4
692,82389,-3.00039296,0.39975521,4.8
693,82420,-2.98174376,0.37240531,5.5
694,82536,-2.92663629,0.48541844,5.1
695,82549,-2.91978493,0.37553178,5.1
696,82658,-2.85893549,0.48681747,4.9
697,82705,-2.83816396,0.49098061,4.3
698,82941,-2.71274089,0.35269458,5.6
699,83014,-2.67319761,0.3754481,5.1
700,83083,-2.64292488,0.48409364,5.2
701,83102,-2.63411664,0.38291438,5.4
702,83202,-2.58257344,0.44205234,4.8
703,83415,-2.47617562,0.52292581,4.5
704,83487,-2.43812002,0.46669144,4.9
705,83499,-2.43123368,0.47619689,2.7
706,83623,-2.35655874,0.43990631,4.9
707,83644,-2.34615201,0.47371024,4.7
708,83670,-2.33392707,0.43742935,5.0
709,83728,-2.30211699,0.51223402,5.3
710,83830,-2.24377026,0.51098034,3.7
711,83892,-2.21408512,0.46917723,2.3
712,83957,-2.17886437,0.46168986,3.9
713,84018,-2.14895736,0.45762955,4.7
714,84036,-2.14209872,0.36873547,4.9
715,84097,-2.1139627,0.47161429,4.2
716,84151,-2.09684488,0.52342143,4.9
717,84154,-2.09378373,0.40041227,4.8
718,84410,-1.97192352,0.37694341,2.8
719,84415,-1.97053352,0.35931554,5.3
720,84650,-1.87762629,0.43178093,5.2
721,84686,-1.86417351,0.36717684,5.5
722,84950,-1.77597759,0.43453259,3.2
723,85015,-1.7535147,0.446579,5.3
724,85020,-1.75038358,0.42844318,5.1
725,85094,-1.72500249,0.35119864,5.4
726,85162,-1.70729947,0.45635265,4.5
727,85181,-1.70230513,0.49641445,5.6
728,85396,-1.63842797,0.48430657,3.5
729,85436,-1.62843676,0.44747052,5.3
730,85589,-1.58903428,0.51054439,3.8
731,85646,-1.57351968,0.37689008,5.2
732,85671,-1.56972622,0.36358878,5.1
733,85724,-1.55367406,0.38768747,5.3
734,85749,-1.54640404,0.50185871,3.8
735,85768,-1.5419176,0.36311992,4.3
736,85769,-1.54145981,0.34969485,5.2
737,85940,-1.49146413,0.382904,5.0
738,85956,-1.48760971,0.50343984,5.0
739,86002,-1.4766982,0.37953329,3.9
740,86405,-1.3809546,0.35774266,4.3
741,86417,-1.37855594,0.46438635,4.9
742,86520,-1.35203355,0.37286482,5.3
743,86566,-1.3411288,0.39410431,4.6
744,87135,-1.21824679,0.45666952,4.9
745,87158,-1.21233485,0.51526226,4.9
746,87260,-1.19283,0.42869601,4.6
747,87812,-1.09556941,0.39237906,4.9
748,88070,-1.05138611,0.48196026,4.7
749,88211,-1.02651569,0.40961399,5.1
750,88409,-0.98984414,0.44397904,4.8
751,88427,-0.98744147,0.48275424,4.7
752,88943,-0.8888636,0.36694903,4.8
753,88944,-0.8885818,0.41782397,5.0
754,89083,-0.86084256,0.43791567,5.1
755,89215,-0.83188551,0.48977696,5.4
756,89227,-0.82909356,0.46964764,4.8
757,89271,-0.81844029,0.48636189,5.2
758,89331,-0.80269669,0.38626909,5.6
759,89719,-0.67430002,0.47804573,5.4
760,89751,-0.66461708,0.40873526,4.8
761,89939,-0.60255703,0.49770008,4.7
762,89948,-0.60048692,0.44356559,4.3
763,89971,-0.59441666,0.39649551,5.5
764,90039,-0.57757336,0.52256263,5.0
765,90064,-0.56608255,0.49844296,5.6
766,90074,-0.56380795,0.44835991,5.0
767,90216,-0.5091609,0.50126554,5.6
768,90237,-0.5031758,0.43808108,4.0
769,90439,-0.44065149,0.490055,4.9
770,90716,-0.35166006,0.50695086,4.9
771,90733,-0.34621048,0.52288814,3.1
772,90774,-0.33109091,0.40669764,4.1
773,90815,-0.31596342,0.4247633,3.7
774,90895,-0.28359003,0.35779735,5.6
775,90980,-0.25592563,0.48539764,2.6
776,91018,-0.24141234,0.43978923,5.0
777,91185,-0.18256834,0.40956682,4.6
778,91252,-0.16196662,0.40367139,4.6
779,91339,-0.12670944,0.38785841,5.5
780,91456,-0.08084939,0.5076199,5.0
781,91610,-0.0209166,0.43395052,4.8
782,91749,0.03257017,0.18967434,5.5
783,91780,0.0465019,0.26015379,2.9
784,91791,0.05240802,0.34782284,4.9
785,91909,0.11099349,0.30746433,5.3
786,92071,0.19167505,0.26534682,5.6
787,92098,0.20222491,0.29096452,5.2
788,92229,0.2724696,0.25617405,5.6
789,92282,0.29296043,0.33845973,5.6
790,92443,0.36646912,0.33129753,5.6
791,92483,0.38747743,0.26334783,3.7
792,92535,0.41208882,0.20745958,5.6
793,92679,0.48337295,0.33251484,4.8
794,92720,0.50009698,0.30672954,5.2
795,92931,0.62017207,0.18125685,5.5
796,93082,0.7078649,0.21356765,5.2
797,93126,0.72647913,0.30120049,5.3
798,93143,0.73621298,0.2596568,5.5
799,93194,0.75750774,0.31110504,5.6
800,93327,0.8236416,0.34101901,4.5
801,93462,0.90613619,0.1948887,5.1
802,93468,0.90804406,0.22282182,4.3
803,93556,0.95743091,0.34106633,5.5
804,93610,0.98403999,0.1918287,5.0
805,93718,1.03806207,0.21555849,4.0
806,93867,1.1211305,0.27067448,3.9
807,93906,1.13974211,0.30246163,4.8
808,93922,1.14577812,0.31093622,4.2
809,93931,1.14970692,0.27063783,4.6
810,93934,1.15094844,0.25485821,4.9
811,93953,1.15930478,0.33285543,3.6
812,93959,1.16078366,0.22581812,5.1
813,94006,1.18249257,0.25727826,4.8
814,94025,1.19076907,0.17557654,4.4
815,94026,1.19139783,0.28641585,1.1
816,94043,1.20148161,0.21663322,4.3
817,94163,1.25858268,0.32736268,5.1
818,94200,1.27470414,0.17580571,4.7
819,94217,1.28088428,0.23452203,4.3
820,94289,1.31645422,0.26766651,4.6
821,94331,1.32859604,0.32427718,5.0
822,94358,1.33881909,0.27113894,4.9
823,94758,1.47656492,0.28815042,4.9
824,94887,1.51293184,0.22055944,4.9
825,95258,1.59137296,0.25789334,4.4
826,95361,1.6104849,0.24821728,4.4
827,95364,1.61080997,0.28175844,4.9
828,95446,1.62548891,0.28205083,5.3
829,95658,1.66947499,0.25745619,4.7
830,95787,1.69740063,0.20212527,5.1
831,95911,1.7227415,0.28699709,1.9
832,96014,1.74311996,0.30885235,5.1
833,96050,1.75042693,0.23178157,4.6
834,96264,1.79691945,0.23113357,4.7
835,96428,1.83636403,0.19244994,5.3
836,96637,1.87841236,0.28353717,5.3
837,96745,1.89900535,0.29028762,3.6
838,96870,1.9294284,0.20540896,5.3
839,96951,1.95046515,0.21138681,4.9
840,97015,1.96679031,0.27813174,5.1
841,97119,1.99225066,0.310495,5.2
842,97220,2.02122466,0.32521758,5.0
843,97223,2.02248049,0.19009481,5.3
844,97541,2.10439009,0.23146726,5.1
845,97644,2.13517421,0.31066827,5.1
846,97880,2.21982632,0.31878095,5.6
847,98086,2.27698179,0.32008286,4.2
848,98088,2.27782071,0.17914069,5.6
849,98249,2.33348835,0.27531866,5.6
850,98266,2.33766834,0.21035615,4.3
851,98377,2.37818666,0.18972762,5.1
852,98455,2.41061575,0.26441806,5.6
853,98626,2.48383166,0.20110096,5.1
854,98708,2.5241103,0.17664012,3.8
855,98732,2.53513707,0.24873395,5.6
856,98768,2.55197899,0.20353385,5.0
857,98875,2.59851071,0.22138013,5.2
858,98954,2.63810393,0.29683285,3.6
859,98963,2.64091085,0.17878159,4.6
860,98966,2.64291187,0.2131461,1.3
861,99064,2.69224375,0.34427206,5.0
862,99280,2.80874732,0.33432941,5.6
863,99281,2.80899661,0.25236021,5.6
864,99304,2.82145543,0.18867499,5.3
865,99511,2.93048534,0.27407186,3.4
866,99524,2.93760781,0.23702672,5.5
867,99586,2.97281423,0.18858069,4.0
868,99600,2.9801505,0.29202161,5.6
869,99808,3.0827318,0.25920951,2.2
870,99868,3.11150639,0.27794407,5.5
871,100011,-3.08284378,0.26489444,5.1
872,100052,-3.06221798,0.31536291,4.9
873,100159,-2.99925334,0.32553964,5.2
874,100210,-2.96988279,0.18344942,5.0
875,100251,-2.94896014,0.29409239,5.3
876,100282,-2.93914376,0.25124315,5.6
877,100356,-2.89527585,0.30854701,5.0
878,100383,-2.8811597,0.19595636,3.0
879,100442,-2.84682683,0.31055346,4.5
880,100496,-2.81527571,0.24326952,5.5
881,100581,-2.76641951,0.24513523,5.2
882,100653,-2.71787208,0.19197778,5.5
883,100705,-2.68394484,0.30901486,4.5
884,100724,-2.67443592,0.28004128,4.3
885,100765,-2.65157924,0.32546197,2.8
886,100924,-2.56703222,0.23026303,5.5
887,100933,-2.56390161,0.18038545,5.4
888,100943,-2.55961625,0.3393257,0.2
889,100974,-2.54447333,0.23097818,5.3
890,100979,-2.54213437,0.28859106,5.0
891,101024,-2.51271219,0.33947987,5.4
892,101137,-2.45055244,0.29027846,4.9
893,101144,-2.44887583,0.24333031,3.9
894,101151,-2.44642299,0.20725853,5.6
895,101183,-2.43078047,0.29976132,4.7
896,101249,-2.40384313,0.33697945,4.6
897,101544,-2.2537934,0.27231815,5.5
898,101622,-2.21477678,0.18681161,5.2
899,101639,-2.2074576,0.1776066,5.4
900,101681,-2.18463022,0.34610175,4.5
901,101682,-2.18412676,0.22700799,5.3
902,101724,-2.16474132,0.271871,3.7
903,101751,-2.15335697,0.31930396,4.3
904,101770,-2.14506454,0.26675753,5.6
905,101825,-2.11996016,0.276173,3.9
906,101878,-2.09880415,0.31337818,5.3
907,101950,-2.0690159,0.29982725,5.3
908,102106,-2.00838404,0.33631195,3.8
909,102152,-1.99357593,0.24691192,4.5
910,102233,-1.96234901,0.20235381,4.9
911,102457,-1.86907374,0.17883051,4.3
912,102475,-1.86239575,0.32309235,5.6
913,102552,-1.82894012,0.24718148,5.1
914,102583,-1.81925544,0.22354313,4.9
915,102680,-1.77861602,0.2521211,5.4
916,102724,-1.76163331,0.19054254,5.3
917,102756,-1.75358102,0.31602905,5.2
918,102911,-1.69643552,0.33670029,5.6
919,102931,-1.69030076,0.21982383,2.1
920,103032,-1.6592323,0.27879686,5.6
921,103105,-1.63657319,0.30916995,5.6
922,103284,-1.58026669,0.29238304,4.7
923,103654,-1.48088489,0.31067045,5.5
924,104092,-1.37526854,0.31633142,4.4
925,104295,-1.32636572,0.3018083,5.4
926,104307,-1.32299367,0.23656954,5.4
927,104317,-1.32055108,0.26178198,4.2
928,104460,-1.29542351,0.24064144,3.0
929,104487,-1.28883024,0.19186162,5.1
930,104690,-1.24150309,0.2007804,5.1
931,104721,-1.23341756,0.21434379,5.4
932,104806,-1.21045157,0.20657654,5.2
933,104989,-1.16769457,0.34318206,4.9
934,105119,-1.14380064,0.31237132,4.4
935,105132,-1.13969061,0.30296952,4.5
936,105222,-1.11752653,0.18308688,2.8
937,105258,-1.11196169,0.32130876,3.8
938,105297,-1.10498139,0.33188182,5.0
939,105337,-1.09680438,0.17958066,5.2
940,105437,-1.07395118,0.19704224,5.3
941,105499,-1.06232823,0.33781076,3.7
942,105877,-0.99500159,0.26256714,5.0
943,106229,-0.91270538,0.19429311,4.0
944,106247,-0.90938395,0.224358,5.2
945,106273,-0.90333893,0.25308355,4.7
946,106315,-0.89359359,0.25167798,3.7
947,106321,-0.89262282,0.19551203,5.4
948,106356,-0.88438203,0.27461932,3.9
949,106424,-0.8677622,0.25995075,4.5
950,106474,-0.85379521,0.27825741,5.2
951,106664,-0.81488207,0.23613752,5.4
952,106665,-0.81482382,0.21600597,5.5
953,106711,-0.80275123,0.1857951,5.6
954,107072,-0.69912457,0.34190404,4.3
955,107287,-0.63086852,0.33323116,5.3
956,107364,-0.60151797,0.2987961,4.5
957,107424,-0.57698948,0.29762067,5.3
958,107527,-0.54759835,0.20661649,5.6
959,107853,-0.44045463,0.20861353,4.9
960,108102,-0.3535749,0.18447835,3.6
961,108164,-0.33077028,0.20797169,4.3
962,108377,-0.25190475,0.26068,2.6
963,108579,-0.17212458,0.21012959,5.3
964,108637,-0.14563252,0.2178967,4.7
965,108731,-0.10725796,0.31631528,5.4
966,108788,-0.08366533,0.17547279,5.4
967,108877,-0.04389298,0.32886556,5.2
968,108878,-0.04334749,0.18621252,5.4
969,109151,0.0786356,0.13810301,5.6
970,109473,0.2010847,0.12764141,4.5
971,109626,0.26330473,0.13301843,4.5
972,109738,0.31030013,0.12760946,5.6
973,109792,0.32819564,0.05849873,5.3
974,109925,0.38206145,0.10274273,5.1
975,110064,0.43120971,0.09137346,4.7
976,110109,0.44832913,0.15545376,4.5
977,110205,0.48417144,0.05133925,4.8
978,110290,0.52122747,0.04403582,4.3
979,110407,0.56874077,0.15032792,4.5
980,110494,0.60815438,0.00293613,5.6
981,110542,0.63484832,0.14376253,4.3
982,110588,0.64975234,0.03571981,5.4
983,110634,0.66866422,0.09383079,5.0
984,110664,0.68467704,0.00198774,4.0
985,110706,0.70121491,0.05281584,3.6
986,110722,0.70788388,0.17286042,4.4
987,110888,0.77244427,0.15200625,4.7
988,110920,0.78432051,0.07255086,5.6
989,111119,0.85842049,0.05564338,5.0
990,111171,0.88190913,0.15453557,3.8
991,111194,0.89210534,0.16684945,3.8
992,111291,0.93513979,0.00426413,4.4
993,111399,0.97308077,0.10288483,5.4
994,111578,1.04934896,0.10213798,3.9
995,111584,1.05195234,0.09248635,5.3
996,111673,1.09614139,0.15949667,5.0
997,111679,1.09898147,0.17255101,5.1
998,111695,1.10311747,0.15304157,4.3
999,111790,1.13941566,0.16312133,5.1
1000,111927,1.19837892,0.01568203,5.3
1001,112105,1.25281116,0.12000234,3.3
1002,112123,1.25613144,0.15386842,4.4
1003,112141,1.25899479,0.09636322,3.8
1004,112196,1.27253855,0.04119578,3.9
1005,112280,1.2913444,0.0286042,4.7
1006,112527,1.35557411,0.04892585,4.6
1007,112733,1.4056431,0.03145394,4.7
1008,112739,1.40694104,0.110061,1.7
1009,112774,1.414657,0.05330192,4.7
1010,112848,1.4316373,0.10317669,4.3
1011,112913,1.44894465,0.16506291,4.5
1012,112957,1.45803461,0.16170868,4.4
1013,113000,1.46844812,0.0714644,4.5
1014,113219,1.52647734,0.0321927,5.0
1015,113270,1.53791208,0.12914428,0.6
1016,113388,1.56918693,0.16840798,4.2
1017,113674,1.63342034,0.17387513,5.3
1018,113809,1.66293881,0.08063266,4.5
1019,113904,1.67839959,0.00577374,5.3
1020,114033,1.70256564,0.1286519,4.5
1021,114257,1.7375792,0.17354885,4.7
1022,114409,1.76546513,0.14124688,5.0
1023,114427,1.76824914,0.04308273,4.7
1024,115424,1.93258221,0.16364731,5.1
1025,115455,1.93923221,0.14646168,3.1
1026,115476,1.94318662,0.12296494,5.3
1027,115477,1.94360208,0.15757511,4.6
1028,115580,1.9613179,0.03528935,5.3
1029,115755,1.99266547,0.09345661,0.5
1030,116042,2.04686362,0.03308946,5.1
1031,116181,2.07585761,0.04118075,5.4
1032,116259,2.0929302,0.04316636,4.5
1033,116568,2.15462947,0.16303184,3.8
1034,116751,2.19576216,0.13489422,5.2
1035,116964,2.24715462,0.10261373,4.2
1036,116987,2.25210532,0.06140398,4.5
1037,117049,2.27159665,0.06247144,4.3
1038,117111,2.28694529,0.1152519,3.5
1039,117145,2.29417095,0.10513219,4.4
1040,117263,2.3245671,0.1071111,3.3
1041,117419,2.37077417,0.09238474,5.4
1042,117526,2.40752303,0.04409201,3.8
1043,117716,2.46868518,0.16188903,5.5
1044,117750,2.48395638,0.17343754,5.3
1045,117806,2.50704556,0.12323566,5.1
1046,117820,2.51260872,0.08510226,4.8
1047,118043,2.60740076,0.14459937,4.9
1048,118354,2.74967621,0.16693211,3.9
1049,118375,2.75845951,0.12586932,5.2
1050,118609,2.87097231,0.0678297,5.0
1051,118614,2.87174462,0.11118499,5.1
1052,118647,2.8904325,0.13276186,4.7
1053,118730,2.92865885,0.0035389,5.4
1054,118763,2.94400568,0.03989352,5.4
1055,118803,2.96076855,0.11001906,4.1
1056,118830,2.97348225,0.02936541,5.5
1057,118874,2.990471,0.05466042,5.2
1058,118964,3.03635629,0.14680333,5.5
1059,119028,3.06613699,0.14898567,5.1
1060,119034,3.06867717,0.11885072,4.2
1061,119057,3.07765224,0.14876634,5.2
1062,119075,3.08962454,0.03571918,3.8
1063,119110,3.10881116,0.15222796,5.6
1064,119155,3.13018941,0.06865461,5.2
1065,119163,3.13421981,0.12030719,4.6
1066,119212,-3.12997865,0.15726551,4.2
1067,119340,-3.06388623,0.0626722,5.1
1068,119537,-2.96960216,0.12358381,5.5
1069,119573,-2.95357538,0.13869143,5.2
1070,119673,-2.90997392,0.06403225,3.7
1071,119846,-2.81743185,0.16903339,5.2
1072,119854,-2.81400271,0.1000558,5.0
1073,120003,-2.74192956,0.06833139,4.9
1074,120081,-2.70287687,0.06615312,5.6
1075,120237,-2.62192507,0.03116605,4.3
1076,120338,-2.57554238,0.04614486,4.9
1077,120425,-2.52672508,0.15137755,5.1
1078,120433,-2.52331776,0.10552232,5.1
1079,120600,-2.44700382,0.14616522,5.0
1080,120641,-2.43057438,0.01618512,5.5
1081,120647,-2.42723789,0.0366954,3.8
1082,120808,-2.35457453,0.03990642,4.6
1083,120915,-2.30077621,0.08942708,5.4
1084,120945,-2.28307719,0.03409176,5.2
1085,120954,-2.275541,0.01563708,5.5
1086,121019,-2.24227503,0.03515859,5.1
1087,121156,-2.17379659,0.11487141,2.8
1088,121185,-2.16414798,0.13104853,4.4
1089,121214,-2.14778057,0.0409751,5.3
1090,121217,-2.14535558,0.08075469,3.8
1091,121539,-2.00914711,0.01998581,4.8
1092,121622,-1.9808815,0.01353566,5.5
1093,121657,-1.97052464,0.03651161,3.9
1094,121842,-1.90490237,0.15136048,5.4
1095,121864,-1.89669539,0.09311303,5.3
1096,121894,-1.88542318,0.1279769,5.5
1097,121910,-1.88112953,0.02268618,5.5
1098,121961,-1.8531063,0.16495693,3.4
1099,122386,-1.72773815,0.07299413,4.4
1100,122417,-1.71794939,0.00644904,5.2
1101,122670,-1.65369648,0.08005166,2.9
1102,122753,-1.63457217,0.04755188,3.7
1103,123004,-1.580461,0.076269,4.8
1104,123012,-1.57891588,0.05117989,4.0
1105,123034,-1.57422152,0.02277296,4.4
1106,123106,-1.55802575,0.04380107,4.1
1107,123139,-1.54935859,0.15229835,4.7
1108,123141,-1.54907745,0.16677077,3.7
1109,123376,-1.49064215,0.05852404,4.9
1110,123496,-1.46324724,0.00287708,5.4
1111,123689,-1.42210648,0.15850421,5.4
1112,123692,-1.42149126,0.11573215,5.4
1113,123878,-1.38619524,0.0350385,5.0
1114,124069,-1.33623715,0.07217761,5.4
1115,124317,-1.28042401,0.1046001,5.4
1116,124407,-1.26017259,0.0385231,5.1
1117,124486,-1.23919889,0.01732773,5.3
1118,124602,-1.20874253,0.05259734,3.4
1119,124627,-1.20445084,0.00414438,4.9
1120,124798,-1.17091579,0.12690914,4.6
1121,124902,-1.14875265,0.09219644,5.2
1122,125121,-1.09806007,0.1524531,0.9
1123,125158,-1.0911562,0.01528729,4.0
1124,125209,-1.08287251,0.14539848,4.9
1125,125218,-1.08129742,0.00247187,5.6
1126,125234,-1.07836737,0.1096156,3.9
1127,125402,-1.03979845,0.12453831,5.6
1128,125746,-0.95687589,0.09044146,5.4
1129,126058,-0.88706322,0.17294259,5.2
1130,126061,-0.88639927,0.00540068,5.4
1131,126221,-0.84941596,0.10163867,5.6
1132,126427,-0.80034231,0.07157062,5.3
1133,126592,-0.7508858,0.17329578,4.8
1134,126642,-0.73284397,0.17110025,4.6
1135,126661,-0.72726124,0.08796629,4.1
1136,126748,-0.69633772,0.11512938,5.1
1137,126964,-0.62387928,0.03521803,5.3
1138,127001,-0.61193032,0.09514609,5.6
1139,127028,-0.60331988,0.1683355,2.5
1140,127059,-0.59037063,0.04283135,5.5
1141,127284,-0.50982216,0.08400934,4.9
1142,127339,-0.490103,0.10386711,3.7
1143,127452,-0.4453073,0.09664872,5.4
1144,127519,-0.42445083,0.01960039,4.6
1145,127539,-0.41308896,0.07756733,4.9
1146,127550,-0.40388031,0.07290458,5.5
1147,127809,-0.30602006,0.16701337,5.3
1148,127838,-0.29361164,0.14920568,5.0
1149,127880,-0.27535207,0.01213872,5.6
1150,127933,-0.2559913,0.06196767,4.6
1151,127975,-0.24223548,0.15950613,4.7
1152,128000,-0.23126202,0.14671034,5.4
1153,128006,-0.22905388,0.16669126,5.3
1154,128021,-0.22161231,0.14745017,5.1
1155,128084,-0.19821624,0.05251332,3.9
1156,128125,-0.18415863,0.08915355,5.2
1157,128185,-0.15547342,0.01713288,4.9
1158,128195,-0.15083971,0.10653664,4.5
1159,128280,-0.11416532,0.03184474,5.6
1160,128309,-0.09871269,0.09346529,4.3
1161,128335,-0.08947459,0.02626391,4.6
1162,128373,-0.07053289,0.05601411,5.3
1163,128512,-0.01421766,0.11495616,4.0
1164,128571,0.0121104,-0.10449655,4.7
1165,128654,0.05193591,-0.14064939,5.4
1166,128693,0.07365173,-0.15884164,3.8
1167,128838,0.14256221,-0.06750686,5.2
1168,129008,0.22013315,-0.02470383,4.9
1169,129192,0.31363756,-0.14296166,5.2
1170,129203,0.32316459,-0.04822296,5.5
1171,129273,0.35570996,-0.14732111,3.8
1172,129464,0.43718295,-0.06878963,5.3
1173,129489,0.45149763,-0.10441985,5.5
1174,129654,0.52633516,-0.00195021,5.6
1175,129824,0.5969786,-0.05591545,2.0
1176,129857,0.60936382,-0.01940224,5.6
1177,129958,0.65279409,-0.02190005,5.5
1178,130196,0.75914202,-0.15875655,4.0
1179,130198,0.75971856,-0.06828625,5.3
1180,130227,0.77299878,-0.04647579,5.5
1181,130253,0.78648114,-0.13754857,5.5
1182,130283,0.80321056,-0.10961991,5.6
1183,130354,0.82998813,-0.02411871,5.1
1184,130386,0.8438771,-0.15715478,4.9
1185,130527,0.90815525,-0.09154819,4.8
1186,130563,0.91879623,-0.16801102,3.8
1187,130651,0.95190571,-0.093741,5.5
1188,130685,0.96364247,-0.17333568,3.7
1189,130697,0.96850815,-0.02302899,5.1
1190,130788,1.00452855,-0.09615562,5.5
1191,130805,1.01132225,-0.05412634,5.0
1192,130877,1.04282282,-0.02946765,5.3
1193,131062,1.10378702,-0.13490372,4.5
1194,131175,1.13964983,-0.06736375,5.2
1195,131269,1.17511914,-0.00261397,5.0
1196,131314,1.18587662,-0.14546631,5.5
1197,131315,1.18594956,-0.15833482,5.5
1198,131345,1.19475744,-0.06027019,4.1
1199,131357,1.20027537,-0.04488987,5.3
1200,131467,1.23481995,-0.05837802,4.2
1201,131567,1.26726402,-0.09660131,4.5
1202,131699,1.30468883,-0.12646355,4.8
1203,131776,1.32770251,-0.08238914,5.2
1204,131793,1.33251271,-0.08987738,2.9
1205,131823,1.33845606,-0.15388141,4.3
1206,131906,1.36193787,-0.14412856,0.3
1207,131951,1.37521772,-0.12037463,3.7
1208,132066,1.40296816,-0.13705232,4.2
1209,132070,1.40482105,-0.04261309,3.4
1210,132219,1.43749805,-0.00583914,2.5
1211,132221,1.43775912,-0.12805321,4.6
1212,132345,1.45593011,-0.02150779,1.8
1213,132405,1.46709818,-0.04585605,3.8
1214,132410,1.46810087,-0.12634933,4.9
1215,132443,1.47582446,-0.03433926,2.0
1216,132444,1.47613084,-0.0201347,5.0
1217,132541,1.50702004,-0.16905186,2.2
1218,132714,1.55638297,-0.16685833,5.1
1219,132731,1.56011798,-0.05366291,4.7
1220,132792,1.5786218,-0.11703097,5.1
1221,132943,1.61193679,-0.11409964,5.1
1222,133011,1.62496975,-0.10922222,4.1
1223,133113,1.64629673,-0.13614436,5.1
1224,133117,1.64710125,-0.05099314,5.2
1225,133289,1.68201388,-0.08254937,5.0
1226,133315,1.68594836,-0.12216364,4.7
1227,133403,1.70646361,-0.02060783,5.0
1228,133584,1.74337558,-0.15913185,5.3
1229,133678,1.7681485,-0.15607558,5.3
1230,133869,1.79711747,-0.01855222,5.3
1231,134075,1.83034942,-0.09860107,5.4
1232,134105,1.83446809,-0.07269738,4.9
1233,134281,1.86638413,-0.07256381,5.0
1234,134315,1.87115608,-0.0038038,5.4
1235,134898,1.98440272,-0.06977797,5.2
1236,134985,2.00214472,-0.16464045,4.1
1237,135344,2.08234151,-0.06181947,5.1
1238,135379,2.08862644,-0.02185904,4.9
1239,135550,2.12092767,-0.04951339,4.4
1240,135610,2.13417465,-0.13303297,5.4
1241,135915,2.19891757,-0.06670309,5.4
1242,136220,2.27424053,-0.12308959,4.7
1243,136275,2.28950365,-0.02989327,5.2
1244,136307,2.29881331,-0.05683388,5.2
1245,136603,2.38348686,-0.14636995,5.5
1246,136724,2.41820582,-0.10722474,5.4
1247,136727,2.41832356,-0.14896531,5.5
1248,136767,2.43491553,-0.16306044,5.0
1249,136870,2.46584415,-0.14732261,2.2
1250,136871,2.46659682,-0.10213332,5.4
1251,136894,2.47230383,-0.04449639,4.8
1252,136931,2.4846207,-0.01681324,4.5
1253,137034,2.51895751,-0.01596875,4.1
1254,137198,2.57449723,-0.13733487,5.2
1255,137365,2.64146274,-0.00220755,4.5
1256,137468,2.68407343,-0.13645944,5.4
1257,137599,2.73553454,-0.04332882,5.2
1258,137607,2.73901058,-0.00663148,5.0
1259,137946,2.87663714,-0.03865875,5.0
1260,138101,2.94139648,-0.05895703,4.6
1261,138237,3.00091338,-0.04760245,5.1
1262,138295,3.02877,-0.1662525,4.8
1263,138297,3.02983741,-0.0095565,4.5
1264,138720,-3.06590637,-0.00679054,4.0
1265,138844,-3.00547733,-0.16015825,5.4
1266,138891,-2.98162238,-0.13475144,4.8
1267,138916,-2.97088112,-0.02051528,2.9
1268,139032,-2.91579474,-0.16175285,4.9
1269,139188,-2.84768822,-0.09202302,4.5
1270,139389,-2.75167729,-0.10468936,4.8
1271,139400,-2.74745265,-0.17292785,5.4
1272,139419,-2.73954485,-0.00595114,3.4
1273,139489,-2.70969296,-0.14750519,5.2
1274,139612,-2.65232413,-0.0219544,5.3
1275,139735,-2.60025653,-0.15840162,5.5
1276,139823,-2.55957298,-0.10058032,4.2
1277,139865,-2.54398573,-0.03552143,5.2
1278,139950,-2.50619375,-0.03499026,5.0
1279,140089,-2.44162231,-0.09497946,4.0
1280,140175,-2.40671805,-0.03651015,5.0
1281,140239,-2.37989547,-0.0723263,4.6
1282,140269,-2.36362609,-0.1452414,5.4
1283,140429,-2.29374573,-0.1605651,2.7
1284,140473,-2.27555424,-0.09853523,5.6
1285,140608,-2.2190068,-0.17269243,4.8
1286,140613,-2.21771104,-0.15736703,5.1
1287,140739,-2.16637225,-0.02877995,5.4
1288,140800,-2.14390906,-0.05132233,5.2
1289,141000,-2.06288529,-0.05823451,5.4
1290,141021,-2.05397837,-0.17341868,4.9
1291,141051,-2.04324786,-0.06225691,3.0
1292,141085,-2.02601106,-0.07979825,3.3
1293,141185,-1.98519588,-0.13064226,5.5
1294,141186,-1.98489583,-0.14418776,4.7
1295,141430,-1.86785441,-0.10600601,5.4
1296,141482,-1.83948808,-0.07241754,5.0
1297,141585,-1.77132571,-0.0068128,4.8
1298,141664,-1.7279814,-0.08803489,4.6
1299,141701,-1.7112045,-0.01785166,5.3
1300,141771,-1.67933398,-0.14119748,4.6
1301,141978,-1.59630714,-0.07114476,5.6
1302,142003,-1.58706191,-0.17050461,3.5
1303,142024,-1.58022276,-0.0643786,4.6
1304,142049,-1.56923469,-0.14280226,4.9
1305,142240,-1.48911019,-0.05084823,3.4
1306,142266,-1.47952062,-0.15641558,4.8
1307,142407,-1.42905319,-0.14452524,4.1
1308,142514,-1.39829168,-0.15886016,4.7
1309,142545,-1.3927859,-0.14532072,5.1
1310,142617,-1.37653833,-0.08382783,4.5
1311,142619,-1.37526526,-0.10053775,4.5
1312,142837,-1.33350389,-0.10319637,5.0
1313,142930,-1.31331727,-0.10142133,4.1
1314,142958,-1.30779964,-0.06585156,5.5
1315,143020,-1.29331166,-0.08655253,3.5
1316,143133,-1.26551235,-0.14005748,5.4
1317,143285,-1.23098654,-0.09618049,5.1
1318,143291,-1.23039581,-0.01721976,5.5
1319,143481,-1.18661255,-0.05051923,5.2
1320,143596,-1.1600573,-0.02441464,4.3
1321,143599,-1.15976604,-0.12462005,5.0
1322,143620,-1.15568801,-0.08308873,5.5
1323,143677,-1.14255273,-0.01288926,5.5
1324,143882,-1.08780539,-0.05664238,5.6
1325,144149,-1.00912799,-0.01694938,3.4
1326,144494,-0.92922689,-0.0532865,5.1
1327,144623,-0.8983059,-0.04754645,5.2
1328,144648,-0.89118336,-0.02235941,4.5
1329,144809,-0.85097759,-0.16894889,3.8
1330,144813,-0.85041356,-0.0909669,4.6
1331,144888,-0.83120752,-0.0994093,5.5
1332,144894,-0.82921508,-0.16008431,4.8
1333,145456,-0.65917813,-0.1010918,3.1
1334,145536,-0.63228486,-0.14101257,4.8
1335,145636,-0.6006568,-0.16254358,5.3
1336,145835,-0.52078552,-0.118069,5.6
1337,145836,-0.52042388,-0.0418449,4.7
1338,145852,-0.51391714,-0.02005442,5.2
1339,145861,-0.50956735,-0.00983488,3.2
1340,145990,-0.4616566,-0.14020206,4.3
1341,146022,-0.44694202,-0.14089869,5.4
1342,146043,-0.4403742,-0.02862229,4.0
1343,146106,-0.40904256,-0.00482521,4.6
1344,146180,-0.38053973,-0.00655841,4.1
1345,146209,-0.37015356,-0.07830415,5.3
1346,146361,-0.30540534,-0.1369412,3.8
1347,146584,-0.21060481,-0.11028503,4.4
1348,146592,-0.20509975,-0.06578553,5.5
1349,146597,-0.20388776,-0.16337111,4.5
1350,146611,-0.19958931,-0.13961829,5.1
1351,146634,-0.19041193,-0.17251455,5.2
1352,146914,-0.06383112,-0.05305127,5.6
1353,147007,-0.01696153,-0.06690545,5.1
1354,147040,-0.00322775,-0.05769676,5.1
1355,147041,-0.00263842,-0.10981471,4.7
1356,147058,0.00514589,-0.30742714,4.6
1357,147065,0.00847452,-0.18828214,5.2
1358,147132,0.03804803,-0.27475666,5.0
1359,147143,0.0419647,-0.31792995,5.5
1360,147168,0.05280319,-0.33527276,4.7
1361,147419,0.17924612,-0.3187106,2.2
1362,147422,0.18180667,-0.18991844,4.9
1363,147469,0.20778786,-0.1904719,5.2
1364,147518,0.23351212,-0.2013581,5.5
1365,147605,0.27740176,-0.17639689,5.6
1366,147631,0.28830076,-0.18233149,3.6
1367,147802,0.36285628,-0.25932771,5.2
1368,147885,0.40223797,-0.27806368,5.6
1369,147985,0.44394341,-0.28274576,3.6
1370,148035,0.46743184,-0.19081724,4.8
1371,148058,0.47556202,-0.18467959,3.9
1372,148353,0.60901861,-0.19205613,5.6
1373,148384,0.62627905,-0.21842941,4.9
1374,148444,0.65325842,-0.26988346,4.8
1375,148527,0.68566657,-0.2108957,5.0
1376,148574,0.70572898,-0.24555895,4.4
1377,148583,0.71020815,-0.32782859,4.6
1378,149062,0.93379428,-0.30772652,5.3
1379,149157,0.97640562,-0.21392884,4.6
1380,149282,1.02841142,-0.23822857,3.2
1381,149411,1.07785048,-0.28826614,5.5
1382,149477,1.09961794,-0.18115049,5.1
1383,149673,1.16409797,-0.22963811,5.5
1384,149788,1.20671593,-0.21329155,5.0
1385,149796,1.20875796,-0.25228463,5.6
1386,149817,1.2141058,-0.34498566,4.5
1387,149887,1.24510721,-0.29713523,5.6
1388,149923,1.25636516,-0.28453633,5.2
1389,150051,1.29496116,-0.28714729,5.5
1390,150063,1.29854243,-0.22008267,4.9
1391,150222,1.35247084,-0.20817875,4.5
1392,150236,1.35561272,-0.28384857,3.3
1393,150238,1.35664676,-0.22687903,4.5
1394,150339,1.38435081,-0.23085465,4.3
1395,150395,1.40155604,-0.24387132,5.2
1396,150546,1.44217968,-0.3116585,2.7
1397,150800,1.5039863,-0.25899324,3.7
1398,150956,1.54516574,-0.24740852,3.8
1399,151036,1.56855679,-0.18495589,5.0
1400,151092,1.58280725,-0.28762396,5.0
1401,151109,1.58777409,-0.26056578,4.7
1402,151282,1.62950811,-0.2391198,5.0
1403,151321,1.63829338,-0.29314225,5.3
1404,151333,1.64091457,-0.34812798,5.3
1405,151427,1.66022911,-0.3129338,2.0
1406,151601,1.69759916,-0.21563456,5.3
1407,151701,1.72133862,-0.33531329,4.1
1408,151729,1.72652254,-0.31752431,4.6
1409,151750,1.7322046,-0.24608396,5.0
1410,151880,1.75818019,-0.29053124,-1.6
1411,152070,1.7971038,-0.20899659,4.3
1412,152122,1.80562334,-0.24395219,5.2
1413,152125,1.8060052,-0.29649673,4.4
1414,152302,1.83911983,-0.27153828,4.1
1415,152393,1.85148694,-0.19575094,5.3
1416,152775,1.91996145,-0.33021557,4.9
1417,152833,1.93036957,-0.28102899,5.2
1418,153071,1.97004571,-0.25157971,5.1
1419,153226,1.99883419,-0.2643579,5.1
1420,153371,2.02303034,-0.25204295,5.1
1421,153499,2.04838591,-0.24022896,5.3
1422,153686,2.08403499,-0.31871249,4.6
1423,153889,2.12403865,-0.33331396,4.3
1424,153941,2.13333784,-0.22300799,4.7
1425,153992,2.14253849,-0.27290623,5.0
1426,154149,2.17783523,-0.34765112,5.6
1427,154358,2.22209881,-0.33872337,5.4
1428,154514,2.25869452,-0.21463201,5.1
1429,154551,2.26631535,-0.2751083,5.0
1430,154621,2.28643485,-0.2332426,4.4
1431,155095,2.4319596,-0.20530211,4.9
1432,155387,2.52159855,-0.24617205,5.0
1433,155541,2.57031069,-0.25501437,4.3
1434,155587,2.58531275,-0.32762792,5.2
1435,155712,2.62972387,-0.22377788,4.7
1436,155779,2.6514133,-0.21935511,5.4
1437,155979,2.72127469,-0.28938315,4.1
1438,156028,2.74251571,-0.23267353,5.5
1439,156109,2.77107133,-0.22905594,4.8
1440,156121,2.77570184,-0.29001244,5.1
1441,156220,2.81179219,-0.29727607,5.6
1442,156255,2.82374865,-0.27805737,3.3
1443,156300,2.84071026,-0.3467816,5.3
1444,156374,2.86816779,-0.31471981,4.2
1445,156420,2.88304634,-0.19255326,5.6
1446,156604,2.95326385,-0.25320679,3.8
1447,156645,2.97091029,-0.32297352,5.1
1448,156657,2.97614366,-0.18474014,5.1
1449,156660,2.97744808,-0.30384708,4.1
1450,156801,3.03741999,-0.22560907,5.6
1451,156868,3.06403503,-0.3154273,4.9
1452,156987,3.11307333,-0.29447889,5.2
1453,157040,3.1336192,-0.17734562,5.6
1454,157041,3.13413975,-0.33825538,5.3
1455,157175,-3.08386276,-0.30132062,2.8
1456,157225,-3.06155338,-0.2319259,5.4
1457,157322,-3.02259174,-0.28339367,3.1
1458,157344,-3.01292108,-0.27784585,4.4
1459,157738,-2.85678357,-0.18279711,5.3
1460,157787,-2.83880741,-0.2780199,5.1
1461,157805,-2.82961214,-0.34328241,5.6
1462,157843,-2.81092133,-0.31474739,4.8
1463,157898,-2.79106232,-0.30497859,5.5
1464,157922,-2.78137843,-0.19025718,1.2
1465,157937,-2.77475266,-0.21726038,5.6
1466,157945,-2.77166517,-0.27427631,4.9
1467,157997,-2.74808846,-0.26365816,5.6
1468,158185,-2.67406504,-0.31216726,5.1
1469,158400,-2.58262711,-0.28041681,5.1
1470,158426,-2.57338246,-0.17526402,4.3
1471,158447,-2.56283762,-0.31360818,5.6
1472,158488,-2.54643763,-0.22936967,4.6
1473,158820,-2.41478482,-0.24333012,5.4
1474,158835,-2.40892095,-0.2755967,5.3
1475,158914,-2.38215334,-0.19563522,5.6
1476,159027,-2.33947358,-0.28037299,5.3
1477,159089,-2.31532862,-0.34215095,4.7
1478,159233,-2.2624546,-0.17704378,5.1
1479,159329,-2.22645412,-0.34036742,5.5
1480,159334,-2.22489955,-0.29120266,5.6
1481,159369,-2.21340662,-0.25524049,4.0
1482,159441,-2.18576046,-0.34065734,5.0
1483,159562,-2.13377881,-0.28944734,4.3
1484,159606,-2.11453168,-0.24673007,4.7
1485,159664,-2.08734914,-0.19611819,4.2
1486,159763,-2.05475496,-0.3374119,4.3
1487,159891,-2.00201155,-0.34770411,4.6
1488,159917,-1.98914549,-0.32017202,4.9
1489,159962,-1.97103093,-0.28807222,4.4
1490,160005,-1.94428682,-0.18269142,2.7
1491,160045,-1.92563346,-0.30799971,5.0
1492,160051,-1.92443748,-0.34610466,5.6
1493,160117,-1.88903769,-0.18668439,4.7
1494,160323,-1.80191261,-0.18255591,5.6
1495,160331,-1.79983726,-0.27340045,2.6
1496,160478,-1.75400164,-0.22336375,4.4
1497,160699,-1.68109575,-0.26823679,3.6
1498,160746,-1.66416118,-0.22427971,4.4
1499,161375,-1.49033003,-0.32958972,5.4
1500,161519,-1.45583701,-0.25480862,4.7
1501,161563,-1.44640743,-0.32181666,5.2
1502,161631,-1.43003624,-0.19229815,5.3
1503,161963,-1.34454907,-0.27344214,5.0
1504,162228,-1.28569345,-0.33807377,5.4
1505,162412,-1.24481289,-0.3323742,5.0
1506,162511,-1.22708274,-0.3131638,4.0
1507,162517,-1.22668764,-0.28013417,4.6
1508,162791,-1.16777405,-0.18624801,5.2
1509,162882,-1.14380428,-0.28639859,5.5
1510,162930,-1.1313755,-0.27205325,5.5
1511,162963,-1.11942487,-0.34702251,5.1
1512,163035,-1.09942928,-0.19009937,5.5
1513,163140,-1.06850975,-0.27271894,5.0
1514,163421,-0.98228243,-0.2210316,4.5
1515,163444,-0.97515777,-0.3364301,5.5
1516,163467,-0.96913152,-0.22546013,4.8
1517,163480,-0.96777052,-0.26076465,3.3
1518,163591,-0.9404687,-0.32074037,5.2
1519,163613,-0.93370744,-0.31381616,5.0
1520,163770,-0.88803071,-0.26409469,5.3
1521,163778,-0.88485945,-0.31967543,5.3
1522,164131,-0.77170329,-0.3042583,4.2
1523,164181,-0.75541428,-0.20202734,4.5
1524,164262,-0.72875415,-0.26843886,5.5
1525,164285,-0.71928174,-0.31757546,5.4
1526,164345,-0.70046695,-0.2975544,4.3
1527,164363,-0.69175775,-0.22852886,5.5
1528,164519,-0.63580875,-0.34367322,4.7
1529,164559,-0.62254643,-0.29477181,3.8
1530,164579,-0.61596675,-0.24908476,5.3
1531,164592,-0.61143821,-0.33327372,4.8
1532,164638,-0.59408912,-0.20241398,5.4
1533,164643,-0.59217624,-0.28545064,3.0
1534,164712,-0.56473727,-0.24064687,5.2
1535,164860,-0.50728678,-0.24631919,4.4
1536,164909,-0.48889734,-0.20615238,5.4
1537,164973,-0.46196538,-0.22831529,5.5
1538,165133,-0.4014167,-0.19084259,4.9
1539,165251,-0.34514343,-0.33322796,4.9
1540,165292,-0.32782147,-0.34687784,5.4
1541,165320,-0.31875885,-0.24185013,4.2
1542,165374,-0.29671309,-0.28077461,3.5
1543,165624,-0.18988164,-0.2396546,5.3
1544,165657,-0.17438668,-0.26727943,5.3
1545,165817,-0.09951736,-0.25304559,5.2
1546,165841,-0.08669864,-0.25868417,4.6
1547,165853,-0.08024478,-0.3238376,5.3
1548,165917,-0.04898244,-0.33487981,5.3
1549,166082,0.02968652,-0.49333569,5.5
1550,166102,0.03943223,-0.49005646,5.6
1551,166206,0.08294758,-0.51064635,5.4
1552,166209,0.08395921,-0.35491362,5.2
1553,166317,0.12164589,-0.419997,5.2
1554,166366,0.13619219,-0.52069513,5.6
1555,166527,0.18442168,-0.38887196,5.3
1556,166554,0.19072966,-0.39784848,5.6
1557,166584,0.19872364,-0.3838857,5.5
1558,166646,0.21913832,-0.42372716,5.6
1559,166715,0.24521019,-0.51709466,4.4
1560,167085,0.38049698,-0.3820071,5.1
1561,167274,0.45074991,-0.44160049,5.4
1562,167415,0.49884944,-0.39741564,5.2
1563,167470,0.51333851,-0.37209309,4.2
1564,167531,0.53341385,-0.51550147,4.7
1565,167735,0.61197382,-0.41962447,5.4
1566,167881,0.66171694,-0.49656794,5.0
1567,168081,0.73188558,-0.49128294,5.4
1568,168093,0.73639442,-0.37016935,4.8
1569,168182,0.76432842,-0.41995434,5.4
1570,168208,0.77405346,-0.4445963,5.6
1571,168248,0.78621047,-0.41572822,4.2
1572,168372,0.82879505,-0.50934244,4.0
1573,168451,0.85589631,-0.39606655,5.0
1574,168459,0.86084519,-0.382904,4.0
1575,168633,0.92318152,-0.38047184,4.3
1576,168826,0.98041806,-0.40834203,4.3
1577,168835,0.98396668,-0.41937595,5.0
1578,168924,1.01046544,-0.43213009,4.8
1579,169016,1.03755971,-0.4216188,4.7
1580,169109,1.06273709,-0.48498322,5.6
1581,169353,1.12777657,-0.36228958,5.3
1582,169569,1.18484717,-0.5212692,4.6
1583,169980,1.30574773,-0.35121862,5.0
1584,169996,1.30955806,-0.45980306,5.0
1585,170028,1.31691172,-0.4268415,5.5
1586,170050,1.32358229,-0.39159788,3.3
1587,170237,1.36745849,-0.47120414,5.0
1588,170326,1.38889739,-0.37155733,4.7
1589,170350,1.39502669,-0.43319562,5.5
1590,170456,1.42288622,-0.36299406,3.0
1591,170612,1.46516195,-0.50123001,5.3
1592,170758,1.49390389,-0.39206058,3.8
1593,170925,1.52354104,-0.3644598,3.9
1594,171179,1.57621979,-0.45872368,5.2
1595,171894,1.7006985,-0.40807863,4.4
1596,171981,1.7146087,-0.40009768,4.5
1597,172519,1.79500701,-0.35187792,4.7
1598,172541,1.79793363,-0.42097763,4.1
1599,172675,1.81802128,-0.5044498,1.6
1600,172796,1.8314017,-0.48628422,3.7
1601,172838,1.83667848,-0.41467307,3.1
1602,173046,1.86033452,-0.45924151,2.0
1603,173263,1.88588898,-0.45841126,4.7
1604,173348,1.89588274,-0.40536183,4.8
1605,173359,1.89620293,-0.48505468,4.8
1606,173443,1.90498143,-0.42701798,4.9
1607,173650,1.92909585,-0.50971391,2.4
1608,173863,1.95359918,-0.40001676,4.8
1609,174008,1.97183562,-0.3872348,4.5
1610,174057,1.97820992,-0.49319083,4.5
1611,174174,1.99062685,-0.44069772,4.6
1612,174198,1.9930802,-0.4658084,4.6
1613,174390,2.01376097,-0.49377042,4.8
1614,174399,2.0149795,-0.50325207,4.1
1615,174557,2.03333724,-0.45050225,4.6
1616,174851,2.07130514,-0.39698406,4.4
1617,174931,2.08108596,-0.40445126,5.2
1618,175205,2.11661765,-0.35620114,5.3
1619,175216,2.11801675,-0.42165361,2.9
1620,175776,2.19362711,-0.40126133,5.6
1621,175782,2.19432495,-0.41683592,5.5
1622,176188,2.25030777,-0.45516282,5.2
1623,176225,2.25558805,-0.39253778,5.1
1624,176252,2.25859489,-0.51281526,5.0
1625,176558,2.3056177,-0.48037545,4.2
1626,176696,2.32730807,-0.47976527,4.9
1627,177001,2.38172742,-0.44777673,4.8
1628,177321,2.44031042,-0.44945278,4.9
1629,177373,2.44798587,-0.49949888,4.9
1630,177468,2.46534993,-0.3861286,4.9
1631,177641,2.49103689,-0.36466163,5.2
1632,177865,2.53064947,-0.41347548,5.0
1633,177907,2.53932659,-0.48066038,5.0
1634,178157,2.58281438,-0.44848407,5.0
1635,178643,2.68707314,-0.50163206,5.6
1636,178978,2.75602172,-0.40992437,5.3
1637,179040,2.7701834,-0.47391056,5.1
1638,179513,2.89253068,-0.47164546,5.1
1639,179576,2.90732198,-0.48536201,5.5
1640,179623,2.91991621,-0.39361533,4.5
1641,180207,3.0814724,-0.46201755,5.5
1642,180287,3.10737941,-0.44395203,5.5
1643,180504,-3.11615841,-0.42673363,4.2
1644,180530,-3.10865545,-0.38993623,3.2
1645,180545,-3.10457051,-0.40707982,5.4
1646,180699,-3.0631969,-0.38289169,5.3
1647,180914,-3.00303227,-0.40352788,2.8
1648,180964,-2.98867119,-0.46884353,5.4
1649,181409,-2.85206122,-0.39882815,5.1
1650,181542,-2.80911703,-0.39982526,3.3
1651,181694,-2.76209393,-0.40183544,3.5
1652,181789,-2.73132399,-0.45798613,5.5
1653,182133,-2.63672467,-0.4316014,5.2
1654,182243,-2.60264625,-0.46150631,3.5
1655,182348,-2.57481661,-0.47170616,5.3
1656,182482,-2.5298178,-0.48040978,4.9
1657,182516,-2.52221399,-0.42900915,5.4
1658,182569,-2.50787254,-0.51082282,5.0
1659,182854,-2.42993253,-0.44038123,5.2
1660,182881,-2.42242347,-0.45167482,5.4
1661,182910,-2.41141081,-0.48438675,4.6
1662,182982,-2.39360976,-0.42653908,5.4
1663,183138,-2.35123143,-0.43784624,3.4
1664,183345,-2.29169941,-0.52300905,4.4
1665,183579,-2.21838212,-0.48659755,5.2
1666,183618,-2.20791676,-0.48818503,3.8
1667,183648,-2.20095232,-0.51687713,3.8
1668,183685,-2.19335723,-0.4128939,5.1
1669,183853,-2.14690449,-0.44681874,4.8
1670,183894,-2.13616649,-0.34939892,5.1
1671,183895,-2.13539113,-0.43946358,4.7
1672,183956,-2.12148355,-0.50735955,4.0
1673,183986,-2.11262644,-0.45329178,3.0
1674,184013,-2.10586205,-0.39236635,2.5
1675,184134,-2.07489897,-0.36189659,4.6
1676,184220,-2.05417442,-0.48517215,4.7
1677,184300,-2.02810931,-0.4972699,4.9
1678,184328,-2.01750098,-0.41976153,4.8
1679,184335,-2.015225,-0.44461361,3.1
1680,184414,-1.97947927,-0.4594189,1.1
1681,184428,-1.9758655,-0.4364508,4.9
1682,184449,-1.967127,-0.37282133,4.6
1683,184480,-1.95143038,-0.49068264,2.9
1684,184821,-1.85973172,-0.40269211,5.6
1685,185197,-1.7790597,-0.46303236,5.3
1686,185295,-1.75403764,-0.36758438,4.5
1687,185319,-1.74997204,-0.43548486,3.4
1688,185400,-1.73086978,-0.42116758,4.3
1689,185411,-1.72718379,-0.52052147,4.4
1690,185469,-1.70884147,-0.41758476,4.9
1691,185659,-1.65617986,-0.37805078,4.9
1692,185754,-1.63881587,-0.48543977,4.7
1693,186060,-1.58502875,-0.41562112,4.8
1694,186236,-1.56283188,-0.51634131,4.3
1695,186327,-1.54935132,-0.49680012,4.7
1696,186436,-1.53296631,-0.41387177,5.1
1697,186542,-1.51742728,-0.36206695,5.4
1698,186611,-1.50568565,-0.47232953,4.7
1699,186680,-1.49316161,-0.52100347,2.8
1700,186793,-1.47318209,-0.35901859,5.0
1701,186840,-1.46221801,-0.44420656,2.9
1702,187238,-1.3852124,-0.47200723,3.3
1703,187425,-1.34760768,-0.39807828,5.0
1704,187447,-1.3431816,-0.46007989,2.1
1705,187497,-1.33356185,-0.36169253,5.1
1706,187599,-1.31147733,-0.52278812,2.7
1707,187642,-1.30163419,-0.38077034,3.9
1708,187682,-1.29233195,-0.48424713,3.4
1709,187755,-1.27936634,-0.36834927,3.0
1710,187881,-1.25456143,-0.44234681,4.9
1711,188100,-1.21198484,-0.4294801,5.0
1712,188191,-1.19215223,-0.4728048,5.5
1713,188336,-1.16210064,-0.43625591,4.7
1714,188721,-1.0787048,-0.46135583,4.8
1715,188741,-1.07389562,-0.47654572,4.6
1716,188777,-1.06504528,-0.45959023,5.0
1717,188843,-1.04900228,-0.48608215,4.6
1718,189663,-0.85897098,-0.44422091,4.3
1719,189780,-0.83408848,-0.4731161,4.2
1720,189985,-0.77858382,-0.35000687,4.9
1721,190024,-0.7670429,-0.43994403,4.6
1722,190049,-0.7605318,-0.37342628,5.3
1723,190128,-0.74033427,-0.48562987,5.5
1724,190172,-0.72959904,-0.36408223,5.4
1725,190340,-0.68148285,-0.39495027,3.9
1726,190373,-0.67249492,-0.38442646,4.6
1727,190558,-0.61449355,-0.40997697,5.3
1728,190821,-0.53246162,-0.5008121,5.4
1729,190984,-0.4734959,-0.48896422,5.4
1730,190985,-0.47324224,-0.37216965,5.5
1731,191082,-0.44137878,-0.38134644,5.4
1732,191234,-0.38414056,-0.3659076,5.3
1733,191317,-0.35825515,-0.47656099,4.2
1734,191549,-0.27547694,-0.5188988,5.5
1735,191650,-0.24435446,-0.41911716,4.8
1736,191682,-0.23220297,-0.37427102,3.8
1737,191686,-0.23018107,-0.3966938,4.9
1738,191857,-0.17302183,-0.35558907,4.2
1739,191899,-0.15960323,-0.36505758,4.5
1740,191987,-0.12801015,-0.36985301,4.8
1741,192166,-0.05967083,-0.49579326,4.6
1742,192387,0.04011938,-0.61807175,5.2
1743,192544,0.11105392,-0.58089881,5.0
1744,192869,0.25731398,-0.68392618,5.6
1745,192883,0.26203479,-0.55537778,5.5
1746,193172,0.39574738,-0.64788973,5.5
1747,193260,0.43566102,-0.64723848,5.6
1748,193262,0.43583854,-0.56860156,5.3
1749,193454,0.51929357,-0.52781122,5.4
1750,193572,0.57031353,-0.54031215,5.2
1751,193722,0.63666259,-0.59400909,5.2
1752,193930,0.72866363,-0.56923967,4.5
1753,193943,0.73588318,-0.62623727,5.5
1754,194466,0.96105822,-0.56019911,4.9
1755,194474,0.96420403,-0.65398093,4.6
1756,194534,0.98573063,-0.5291418,5.6
1757,194549,0.98935968,-0.6592799,5.4
1758,194558,0.993012,-0.63443882,4.2
1759,194607,1.0111672,-0.60875732,5.1
1760,194901,1.11701334,-0.59200429,3.6
1761,194983,1.14387491,-0.59571389,4.1
1762,195147,1.19382812,-0.53518088,3.9
1763,195238,1.22298632,-0.64997773,5.1
1764,195531,1.32036929,-0.62047274,4.6
1765,195720,1.37741239,-0.60987176,4.9
1766,195886,1.42475751,-0.65050496,5.5
1767,195923,1.43743602,-0.61969864,3.9
1768,195947,1.44500413,-0.6727725,5.5
1769,196058,1.47409135,-0.59515112,2.8
1770,196097,1.48552588,-0.60547479,5.3
1771,196148,1.50158851,-0.56416542,5.2
1772,196239,1.5236526,-0.62458416,3.2
1773,196275,1.53282576,-0.59011861,4.9
1774,196315,1.54363952,-0.64798776,5.0
1775,196351,1.55230814,-0.61588393,4.4
1776,196513,1.5961524,-0.65004444,5.1
1777,196642,1.63524828,-0.61300826,4.5
1778,196697,1.65104846,-0.52429623,3.1
1779,196734,1.65930474,-0.58311484,4.0
1780,196856,1.68561413,-0.56806012,4.5
1781,196916,1.70449146,-0.65724819,5.3
1782,197257,1.78011382,-0.56635285,3.8
1783,197631,1.86388627,-0.69070295,4.9
1784,198063,1.95810242,-0.5385401,4.8
1785,198194,1.98756758,-0.60833412,4.6
1786,198397,2.02227862,-0.66054172,3.7
1787,198539,2.05247478,-0.60351091,5.0
1788,198544,2.0545723,-0.67600888,4.5
1789,198635,2.07551982,-0.52707145,4.9
1790,198751,2.10236195,-0.69571166,2.3
1791,198907,2.13615567,-0.68885683,4.4
1792,198968,2.1471615,-0.63128302,5.1
1793,199069,2.16718552,-0.63710457,4.4
1794,199117,2.17910132,-0.57411413,4.9
1795,199489,2.26083007,-0.61313126,4.0
1796,199545,2.27582856,-0.57604902,3.7
1797,199677,2.30307395,-0.56885187,5.2
1798,200046,2.39031321,-0.52639717,5.6
1799,200158,2.41570688,-0.66952125,5.0
1800,200162,2.41618313,-0.64933123,4.7
1801,200184,2.42160034,-0.68401078,5.4
1802,200415,2.47478671,-0.62363974,4.6
1803,200560,2.50895706,-0.55768763,5.6
1804,200925,2.60369288,-0.62222762,5.3
1805,201345,2.7109107,-0.65895822,5.4
1806,201404,2.72646944,-0.53778103,4.4
1807,201441,2.73704403,-0.52971882,5.6
1808,201926,2.8552842,-0.64347817,4.7
1809,202066,2.89085814,-0.62019751,5.5
1810,202427,2.98041383,-0.62462377,5.3
1811,202553,3.01254178,-0.53775359,5.2
1812,202557,3.01303927,-0.55118787,3.7
1813,202694,3.04439513,-0.60156932,4.9
1814,202716,3.05097066,-0.56237398,5.3
1815,202900,3.0996055,-0.58695001,4.4
1816,203419,-3.05016379,-0.61323118,5.4
1817,203507,-3.02942245,-0.67656923,5.6
1818,203680,-2.97945178,-0.69311349,4.8
1819,203862,-2.9323017,-0.58864778,5.0
1820,203906,-2.92055324,-0.69651393,4.3
1821,204131,-2.86184706,-0.62122687,5.6
1822,204226,-2.83940598,-0.6551695,4.9
1823,204311,-2.81826503,-0.54527775,5.4
1824,204370,-2.80222189,-0.63615734,2.9
1825,204464,-2.7784745,-0.68931406,5.3
1826,204544,-2.75702905,-0.68329238,4.0
1827,204738,-2.71011577,-0.5819797,5.6
1828,204811,-2.69287475,-0.57232187,4.4
1829,204834,-2.68773744,-0.62836071,5.2
1830,204874,-2.6767226,-0.59693514,4.4
1831,204915,-2.66628531,-0.57154462,4.7
1832,204943,-2.66021796,-0.55294678,4.8
1833,205187,-2.60171308,-0.63049845,2.3
1834,205452,-2.54160714,-0.65722826,4.2
1835,205496,-2.53096049,-0.68564615,4.5
1836,205838,-2.44850051,-0.6558973,4.1
1837,205898,-2.43512263,-0.61053838,5.0
1838,206098,-2.3881852,-0.5873733,5.3
1839,206444,-2.30578996,-0.54687914,5.0
1840,206551,-2.27492672,-0.62973996,3.6
1841,206579,-2.2691331,-0.64019826,4.7
1842,206615,-2.25982838,-0.67296323,4.7
1843,206842,-2.19656718,-0.59777692,4.6
1844,206888,-2.18388641,-0.60303652,4.8
1845,207039,-2.14773904,-0.58427495,4.1
1846,207207,-2.10835598,-0.6676853,3.6
1847,207275,-2.09409316,-0.6713375,5.0
1848,207331,-2.07998828,-0.63997597,4.3
1849,207731,-1.97174601,-0.60383578,4.3
1850,207813,-1.95006197,-0.61356104,4.3
1851,208077,-1.88966753,-0.59697804,2.4
1852,208115,-1.88083959,-0.66207693,3.6
1853,208323,-1.83853033,-0.5597458,5.1
1854,208376,-1.82592427,-0.59436412,4.9
1855,208895,-1.71321068,-0.65027366,2.8
1856,208953,-1.70077783,-0.64698206,1.7
1857,209018,-1.68816877,-0.67373282,4.3
1858,209162,-1.66231353,-0.68078875,2.5
1859,209302,-1.63221176,-0.55306081,4.8
1860,209317,-1.62990684,-0.64628388,3.3
1861,209695,-1.5594751,-0.53104454,3.1
1862,209956,-1.50865002,-0.64191023,3.2
1863,210090,-1.47980736,-0.60057235,2.0
1864,210500,-1.39472394,-0.66974436,5.1
1865,210508,-1.3920133,-0.62296435,4.8
1866,210927,-1.29573244,-0.64816423,4.3
1867,210989,-1.28250102,-0.66295115,4.1
1868,211004,-1.28023638,-0.6880453,4.2
1869,211715,-1.06253222,-0.61807689,4.4
1870,211716,-1.06197735,-0.60797173,5.3
1871,211766,-1.04614926,-0.66463345,4.8
1872,211781,-1.04214082,-0.56196344,5.0
1873,211884,-1.01265268,-0.63230651,5.3
1874,212332,-0.88488643,-0.58660773,5.5
1875,212415,-0.85921882,-0.68734896,5.5
1876,212471,-0.84277789,-0.59282149,5.0
1877,212487,-0.83860262,-0.66498354,5.5
1878,212521,-0.82718882,-0.69810538,5.4
1879,212635,-0.79312625,-0.56643846,4.7
1880,212665,-0.78637132,-0.67767814,5.4
1881,212715,-0.77074198,-0.56797872,5.3
1882,212792,-0.74238379,-0.69167282,5.3
1883,212873,-0.72033745,-0.56518478,4.8
1884,213257,-0.60225297,-0.58040856,4.4
1885,213291,-0.58989139,-0.54333384,5.1
1886,213413,-0.55249851,-0.65434905,5.5
1887,213451,-0.53982487,-0.67430655,5.6
1888,213542,-0.51003633,-0.69438797,4.6
1889,213575,-0.49972551,-0.58003245,4.6
1890,213598,-0.49299973,-0.5979722,5.5
1891,213601,-0.49208845,-0.57237763,5.1
1892,213849,-0.41133432,-0.68740743,5.5
1893,213882,-0.39851175,-0.56903105,4.4
1894,214133,-0.31330164,-0.68804709,5.4
1895,214152,-0.30651871,-0.57842306,4.5
1896,214188,-0.29154204,-0.57259545,4.3
1897,214274,-0.25859344,-0.6112177,5.1
1898,214312,-0.24384191,-0.68352194,5.6
1899,214443,-0.19142589,-0.57254964,4.5
1900,214614,-0.12961338,-0.66488488,4.5
1901,214700,-0.09592452,-0.56460907,5.3
1902,214982,0.03001785,-0.80325729,3.9
1903,215091,0.10362209,-0.76719666,3.9
1904,215092,0.10392193,-0.74311538,2.4
1905,215102,0.11335616,-0.70146324,5.3
1906,215130,0.12657856,-0.85660415,4.9
1907,215156,0.14532165,-0.84255479,5.5
1908,215193,0.17002642,-0.80912058,4.6
1909,215342,0.26428612,-0.81447326,5.3
1910,215364,0.27862414,-0.82006128,3.4
1911,215373,0.28586762,-0.72874395,5.1
1912,215427,0.31822487,-0.79932744,4.9
1913,215491,0.35983672,-0.72871229,5.3
1914,215515,0.37610217,-0.76050754,3.4
1915,215535,0.38908677,-0.86100583,4.0
1916,215695,0.48713435,-0.81239705,4.4
1917,215696,0.48997087,-0.74598364,5.0
1918,215714,0.50259513,-0.83127836,4.7
1919,215725,0.51306754,-0.73777026,5.4
1920,215738,0.52230128,-0.78458702,5.0
1921,215905,0.63334814,-0.83649433,4.4
1922,215995,0.68893731,-0.75233266,4.5
1923,215998,0.69243212,-0.69932817,4.1
1924,216113,0.7695868,-0.70692787,4.4
1925,216262,0.86363597,-0.75502813,4.3
1926,216404,0.93941701,-0.70577193,4.6
1927,216545,1.01504998,-0.70691279,5.6
1928,216681,1.08715425,-0.73518611,4.9
1929,216709,1.10105485,-0.74031199,3.8
1930,216748,1.1243979,-0.7746974,5.1
1931,216849,1.17505143,-0.78644822,5.2
1932,216925,1.21714325,-0.73231078,4.5
1933,217139,1.31554658,-0.85907515,5.4
1934,217163,1.32500706,-0.8664658,4.9
1935,217367,1.43458,-0.82227358,5.5
1936,217520,1.50564567,-0.81357743,5.1
1937,217649,1.56038872,-0.74729855,4.0
1938,217729,1.59840533,-0.73557124,5.5
1939,218070,1.72887924,-0.7531294,3.2
1940,218092,1.73351825,-0.84080665,5.0
1941,218234,1.78240849,-0.81263262,5.0
1942,218323,1.81049397,-0.84917851,4.9
1943,218536,1.88117674,-0.81463228,4.5
1944,218545,1.88375924,-0.78705763,5.0
1945,218548,1.88500555,-0.77767212,3.1
1946,218566,1.89043687,-0.84096106,4.9
1947,218754,1.95321361,-0.75396983,3.3
1948,219081,2.05293096,-0.70591427,3.8
1949,219105,2.05797126,-0.86362649,4.8
1950,219110,2.05876094,-0.8372645,4.3
1951,219225,2.08044012,-0.85710429,4.1
1952,219500,2.12906963,-0.82374925,4.8
1953,219634,2.14793919,-0.70152089,4.4
1954,219847,2.1859721,-0.84350032,4.9
1955,220137,2.23925933,-0.8686703,4.9
1956,220203,2.25097063,-0.7472331,4.1
1957,220264,2.26441658,-0.81105504,4.1
1958,220283,2.26708366,-0.82271039,4.9
1959,220370,2.28032409,-0.74119392,4.1
1960,220539,2.30411511,-0.78750841,5.0
1961,220560,2.3075865,-0.80880972,4.9
1962,220729,2.34843601,-0.71660208,4.4
1963,220802,2.36679017,-0.81852311,3.7
1964,220877,2.38305147,-0.7545039,2.2
1965,220927,2.39658527,-0.77950845,5.0
1966,220977,2.41091107,-0.75083298,5.1
1967,221013,2.41960849,-0.76892434,5.0
1968,221261,2.48855023,-0.70559138,5.4
1969,221343,2.50906592,-0.85748589,4.5
1970,221354,2.51357113,-0.74987165,5.5
1971,221522,2.56566659,-0.7941027,5.3
1972,221552,2.5732435,-0.80830682,4.6
1973,221772,2.63633925,-0.82248714,5.2
1974,221894,2.67311705,-0.7308335,4.1
1975,221997,2.706036,-0.72252888,5.0
1976,222135,2.75253186,-0.81585988,5.1
1977,222198,2.77156075,-0.83715537,4.1
1978,222320,2.81265759,-0.85792464,2.8
1979,222486,2.87043191,-0.73229386,4.6
1980,222580,2.9014283,-0.73946881,5.3
1981,222812,2.9939802,-0.73999599,5.3
1982,222862,3.01583194,-0.70355454,5.5
1983,222882,3.02180111,-0.85280879,5.6
1984,222886,3.02291805,-0.82197566,5.6
1985,222916,3.03309798,-0.82851725,5.5
1986,223008,3.06850446,-0.79259488,5.4
1987,223019,3.07233451,-0.70211294,5.0
1988,223061,3.09201091,-0.78357003,4.7
1989,223192,-3.13695946,-0.73572813,5.3
1990,223234,-3.11695595,-0.84498661,5.6
1991,223241,-3.11403834,-0.71476711,5.6
1992,223296,-3.09175826,-0.79318073,5.3
1993,223453,-3.03108967,-0.87186076,4.2
1994,223541,-2.99734307,-0.71116446,5.2
1995,223559,-2.98906192,-0.84240396,4.0
1996,223613,-2.96788148,-0.84716023,4.6
1997,223730,-2.92223043,-0.84947769,4.4
1998,223759,-2.91241549,-0.74429265,5.5
1999,223869,-2.87696787,-0.85972912,5.0
2000,223899,-2.86509367,-0.84117467,5.0
2001,223908,-2.86243066,-0.86636152,4.4
2002,223965,-2.8426272,-0.75228602,5.3
2003,224468,-2.67691778,-0.72325281,3.5
2004,224470,-2.67648727,-0.73697323,3.3
2005,224537,-2.65111803,-0.82105558,3.1
2006,224576,-2.63884488,-0.73054911,4.0
2007,224584,-2.63728019,-0.77772555,4.2
2008,224620,-2.62412942,-0.79171897,4.4
2009,224672,-2.60497518,-0.71455496,4.5
2010,224832,-2.54734811,-0.79985444,4.1
2011,224918,-2.51800345,-0.78533441,4.6
2012,225043,-2.47696356,-0.73198028,2.6
2013,225070,-2.46741523,-0.85886048,4.1
2014,225127,-2.44960378,-0.82335578,2.9
2015,225247,-2.40696233,-0.75694484,4.5
2016,225334,-2.37693575,-0.74933801,2.8
2017,225343,-2.37409065,-0.73137867,3.4
2018,225425,-2.34876455,-0.81780709,4.0
2019,225482,-2.33235104,-0.78694952,4.4
2020,225524,-2.31934135,-0.84734339,4.1
2021,225637,-2.2905568,-0.83239334,4.4
2022,225690,-2.2773019,-0.70630042,3.4
2023,225702,-2.27484687,-0.83334856,5.1
2024,225711,-2.27209049,-0.77686641,3.7
2025,225824,-2.2431242,-0.81264154,5.0
2026,225937,-2.21744153,-0.7155897,3.0
2027,225949,-2.21467606,-0.78177976,4.8
2028,226003,-2.20489225,-0.74010425,4.3
2029,226063,-2.19151496,-0.77662357,4.7
2030,226424,-2.11145205,-0.72610278,5.1
2031,226465,-2.09645472,-0.85681888,4.7
2032,226499,-2.08153181,-0.78608558,4.8
2033,226599,-2.04371074,-0.82460839,5.4
2034,226618,-2.03653234,-0.87170688,5.0
2035,226772,-1.99181795,-0.82803433,4.8
2036,226899,-1.96121666,-0.76692041,5.1
2037,227374,-1.87421257,-0.73794072,4.9
2038,227687,-1.80171684,-0.77658779,5.1
2039,227706,-1.79521549,-0.75355124,3.4
2040,228068,-1.71054243,-0.86985082,3.0
2041,228161,-1.69326229,-0.81111317,4.6
2042,228200,-1.68545202,-0.74993477,2.0
2043,228256,-1.67320628,-0.86196464,4.8
2044,228465,-1.6288888,-0.69946537,4.9
2045,228561,-1.60073198,-0.77380709,5.0
2046,228577,-1.59592607,-0.72799763,4.9
2047,228707,-1.55677493,-0.7579883,5.0
2048,228776,-1.53799701,-0.80224437,4.6
2049,229022,-1.46927823,-0.8028181,3.8
2050,229046,-1.46179862,-0.85695947,4.1
2051,229094,-1.44716054,-0.79925138,5.3
2052,229110,-1.44019042,-0.7391578,4.7
2053,229171,-1.41374897,-0.75452392,5.4
2054,229382,-1.34076032,-0.74657923,5.4
2055,229460,-1.31085047,-0.73597349,4.9
2056,229512,-1.28774806,-0.70818722,4.7
2057,229583,-1.25347467,-0.79509061,5.3
2058,229653,-1.22343137,-0.78357977,4.5
2059,229658,-1.21987664,-0.71055796,4.1
2060,229750,-1.17150033,-0.84140651,5.0
2061,229902,-1.09758374,-0.69818236,5.4
2062,229926,-1.08290429,-0.73306485,4.2
2063,230176,-0.96399145,-0.73668384,5.6
2064,230275,-0.91416324,-0.77993873,5.3
2065,230299,-0.89858792,-0.82846382,3.2
2066,230378,-0.85039698,-0.77095164,5.1
2067,230390,-0.84626862,-0.81006587,4.9
2068,230522,-0.7715297,-0.7258263,5.6
2069,230643,-0.70873799,-0.7159726,4.9
2070,230691,-0.68143399,-0.74640067,5.6
2071,230725,-0.6591262,-0.72258158,5.4
2072,230991,-0.50138321,-0.8238659,2.2
2073,231062,-0.46494858,-0.73089027,5.2
2074,231160,-0.40675632,-0.76804595,4.3
2075,231257,-0.35041534,-0.82286553,2.2
2076,231264,-0.34641534,-0.72737615,4.9
2077,231277,-0.33713172,-0.81699871,5.4
2078,231443,-0.24404073,-0.76429519,4.4
2079,231467,-0.22891578,-0.79443679,4.1
2080,231538,-0.19455447,-0.71726536,5.5
2081,231674,-0.12046262,-0.74860211,4.8
2082,231706,-0.10836421,-0.79882324,4.9
2083,232090,0.14001876,-0.9189016,5.5
2084,232161,0.17939142,-1.00770099,4.5
2085,232202,0.21124405,-0.89464564,5.2
2086,232305,0.28923386,-0.96887939,4.1
2087,232480,0.41824686,-1.0033943,0.6
2088,232489,0.42718847,-0.98520166,5.3
2089,232519,0.45465944,-0.93850533,5.1
2090,232572,0.4974787,-0.90507801,3.7
2091,232695,0.58784297,-0.90308615,3.8
2092,232716,0.6033764,-0.98041645,5.6
2093,232834,0.67960889,-0.92081613,5.3
2094,232856,0.69422137,-0.9558012,5.3
2095,232863,0.70186126,-0.8903851,5.4
2096,232980,0.79601158,-1.04599604,5.2
2097,233151,0.92103527,-0.88222229,5.6
2098,233456,1.11140145,-0.90079832,4.4
2099,233462,1.11533397,-1.03710519,4.4
2100,233563,1.19080892,-0.96250923,3.5
2101,233637,1.22822798,-0.88269256,5.3
2102,233663,1.23741576,-1.04412631,5.4
2103,233708,1.26450087,-0.93455361,5.6
2104,233821,1.32928865,-1.00427098,4.8
2105,233925,1.38814675,-0.8841662,5.5
2106,233980,1.4206434,-1.02894684,5.1
2107,234133,1.51014142,-0.89158084,3.9
2108,234153,1.52243792,-0.9805012,4.4
2109,234168,1.52609395,-0.9096595,5.0
2110,234198,1.54345183,-0.91884138,5.3
2111,234358,1.61147726,-0.95917764,4.8
2112,234479,1.6704614,-0.91922347,-0.9
2113,234538,1.69553385,-0.87620842,5.3
2114,234540,1.69561719,-0.99166282,5.2
2115,234588,1.71859678,-0.92387361,4.4
2116,234734,1.78326712,-0.88233904,2.8
2117,234736,1.78359059,-0.93485245,4.4
2118,234853,1.8310386,-0.89588546,5.0
2119,235335,1.98280239,-0.9149287,4.9
2120,235634,2.07479114,-0.92236167,3.6
2121,235931,2.18816168,-1.03581888,1.7
2122,236180,2.26680659,-1.03990426,4.4
2123,236231,2.28342751,-0.95163234,2.0
2124,236267,2.2925662,-0.98759936,4.6
2125,236416,2.33355671,-0.91683236,4.8
2126,236692,2.39830267,-1.0255832,3.6
2127,236786,2.42072848,-1.0006216,4.2
2128,236807,2.42492476,-1.03087727,2.3
2129,236890,2.44592282,-0.95637886,2.6
2130,236971,2.46384473,-0.92784588,5.2
2131,237066,2.48579036,-0.99157779,3.0
2132,237106,2.4976098,-0.89068122,5.2
2133,237116,2.5001542,-1.02984956,4.2
2134,237521,2.59663171,-0.94822216,3.7
2135,237735,2.64870477,-0.89998548,5.1
2136,237915,2.69535807,-0.95605268,4.6
2137,237958,2.7011101,-0.9737333,4.6
2138,238076,2.72943512,-1.00152704,4.9
2139,238084,2.73160958,-1.0207323,4.1
2140,238145,2.74634751,-0.93306999,5.1
2141,238221,2.76487287,-1.00004346,4.5
2142,238241,2.7683684,-1.03505389,5.3
2143,238308,2.78079333,-0.96590739,4.4
2144,238378,2.79574716,-1.02893171,5.4
2145,238467,2.81406105,-0.98599147,5.5
2146,238573,2.84251574,-1.02254109,3.9
2147,238812,2.90791968,-1.02457527,4.0
2148,238985,2.96147112,-0.94626065,4.3
2149,239145,3.00847393,-1.03392447,5.3
2150,239188,3.02108138,-0.94226361,4.8
2151,239372,3.07555508,-1.00214721,5.4
2152,239532,3.1228983,-0.97806351,5.6
2153,239686,-3.11765008,-0.87934589,4.8
2154,239736,-3.10220028,-0.90914467,4.2
2155,239790,-3.08715292,-1.02050759,3.1
2156,239837,-3.070391,-0.95757931,5.0
2157,239947,-3.03767596,-0.89315048,5.0
2158,240018,-3.01776685,-0.99193039,1.6
2159,240234,-2.95181899,-0.98114712,4.9
2160,240258,-2.9461858,-1.03699964,1.5
2161,240367,-2.91615014,-1.02756929,4.8
2162,240644,-2.83985795,-1.04117835,4.8
2163,241046,-2.71963588,-0.92873978,2.6
2164,241156,-2.69008862,-0.89330712,4.7
2165,241495,-2.58932488,-0.92854595,4.8
2166,241640,-2.54462285,-0.98013095,4.4
2167,241780,-2.49043583,-0.87679446,4.6
2168,242110,-2.3924121,-1.04563083,5.2
2169,242303,-2.3183239,-0.90600914,3.5
2170,242383,-2.29693467,-1.02304636,4.2
2171,242462,-2.27164623,-1.03223208,4.5
2172,243278,-2.09679215,-1.00594568,4.9
2173,243453,-2.05284223,-0.95126068,5.1
2174,244167,-1.8960526,-1.02895096,3.7
2175,244314,-1.85670873,-0.97587482,3.1
2176,244330,-1.85183338,-0.92652292,4.1
2177,244724,-1.74036495,-0.96839647,2.8
2178,244725,-1.74018547,-0.98319657,3.5
2179,244895,-1.68431784,-0.95066746,5.3
2180,245241,-1.55885326,-0.87435924,3.9
2181,245771,-1.35832081,-0.91048756,5.3
2182,245833,-1.33314167,-0.92513494,5.0
2183,245920,-1.29862117,-0.91484017,5.2
2184,246054,-1.22686385,-0.95153261,5.2
2185,246388,-1.05791422,-1.03872238,5.1
2186,246442,-1.03164456,-0.92547635,4.9
2187,246573,-0.95249242,-0.99304396,2.1
2188,246708,-0.87101441,-0.90933879,4.7
2189,246761,-0.83820753,-0.90401142,5.2
2190,246783,-0.82502585,-1.02353961,3.7
2191,246853,-0.77854033,-0.95864444,5.2
2192,246964,-0.71421243,-0.936551,4.6
2193,247243,-0.54746883,-0.96396968,4.6
2194,247286,-0.5255584,-0.99470988,4.7
2195,247302,-0.51332191,-1.04508507,5.6
2196,247399,-0.45817496,-0.9401934,5.4
2197,247440,-0.42920293,-1.01310521,5.4
2198,247569,-0.3378345,-0.93835295,4.9
2199,247592,-0.3248707,-0.90024684,3.7
2200,247679,-0.27079218,-0.92542123,4.2
2201,247710,-0.25431862,-0.9465544,5.3
2202,247813,-0.19842444,-1.02119433,4.1
2203,247873,-0.15786219,-0.92500041,5.5
2204,247881,-0.15528994,-1.02542244,5.6
2205,248017,-0.06710674,-0.88146007,5.4
2206,248086,-0.01594255,-0.92546331,5.1
2207,248102,-0.00536215,-0.88341484,5.4
2208,248162,0.07626886,-1.13740548,4.3
2209,248166,0.08004139,-1.22002786,5.4
2210,248207,0.13291134,-1.10490711,5.2
2211,248236,0.17603697,-1.14742328,5.5
2212,248280,0.23188453,-1.21819148,5.3
2213,248323,0.28508004,-1.08283722,5.3
2214,248345,0.3232216,-1.20674309,5.1
2215,248459,0.49595975,-1.18495435,4.7
2216,248473,0.51135989,-1.07883378,3.0
2217,248520,0.58655622,-1.18643716,5.5
2218,248544,0.61458876,-1.20229837,4.3
2219,248554,0.62613309,-1.05653986,5.5
2220,248620,0.69295361,-1.19521577,4.3
2221,248643,0.71892513,-1.18379579,4.9
2222,248655,0.732652,-1.09979387,5.4
2223,248700,0.77600089,-1.12171603,5.1
2224,248769,0.85817731,-1.09547457,5.5
2225,248818,0.90974881,-1.10153523,4.8
2226,248876,0.97549093,-1.13383477,3.8
2227,248924,1.04793299,-1.08731496,4.5
2228,248926,1.04932547,-1.0684639,4.8
2229,248972,1.10891952,-1.0876377,5.4
2230,249008,1.14032273,-1.10836693,5.2
2231,249015,1.15361544,-1.0707786,5.6
2232,249065,1.20503314,-1.08516714,4.8
2233,249197,1.34029353,-1.10762793,5.2
2234,249224,1.36916688,-1.17358828,4.8
2235,249308,1.45175623,-1.12155638,5.3
2236,249310,1.45381062,-1.0912196,3.8
2237,249345,1.50395953,-1.14762787,4.5
2238,249367,1.52691702,-1.16786501,5.1
2239,249389,1.54338202,-1.10138556,4.5
2240,249450,1.59959172,-1.0846416,5.0
2241,249460,1.61032389,-1.20136045,5.2
2242,249468,1.61940964,-1.14454407,4.9
2243,249646,1.77883413,-1.08013754,3.3
2244,249703,1.83229895,-1.18416527,5.1
2245,249808,1.90616564,-1.18448113,4.0
2246,250068,2.09310946,-1.10703549,5.0
2247,250127,2.12832816,-1.19502951,4.5
2248,250130,2.13010425,-1.06726777,4.8
2249,250185,2.17191798,-1.1424184,5.0
2250,250227,2.20434758,-1.15138886,3.6
2251,250373,2.32964521,-1.05510511,4.0
2252,250421,2.36345186,-1.15534087,4.2
2253,250470,2.40045539,-1.084048,4.2
2254,250494,2.41143867,-1.21319596,1.8
2255,250525,2.428605,-1.19517054,5.4
2256,250613,2.49140006,-1.09199962,4.0
2257,250652,2.52184588,-1.06641605,4.7
2258,250682,2.54762468,-1.08693492,4.2
2259,250694,2.55626508,-1.13166276,3.1
2260,250879,2.6707666,-1.15408976,5.4
2261,250884,2.672757,-1.21805244,3.6
2262,250904,2.68523131,-1.06608143,3.4
2263,250939,2.71173654,-1.16323077,5.3
2264,251005,2.7499471,-1.07211542,3.6
2265,251089,2.79962863,-1.05250204,4.5
2266,251268,2.89934881,-1.08478433,4.8
2267,251315,2.92537654,-1.04798867,4.7
2268,251405,2.9859535,-1.06185681,5.5
2269,251471,3.02580657,-1.09507096,3.3
2270,251485,3.03113994,-1.06476414,5.1
2271,251504,3.03589029,-1.07424274,5.3
2272,251521,3.0419452,-1.13656675,5.1
2273,251554,3.05922345,-1.08579973,5.2
2274,251578,3.07214063,-1.06291051,4.2
2275,251596,3.07972583,-1.16128303,4.7
2276,251601,3.08590713,-1.10846574,4.5
2277,251603,3.0871909,-1.22081573,4.9
2278,251616,3.09531788,-1.13320224,5.1
2279,251716,-3.13404032,-1.09759025,5.0
2280,251741,-3.12301355,-1.12285428,4.3
2281,251829,-3.07679716,-1.18128431,4.2
2282,251840,-3.07304252,-1.11221548,4.3
2283,251861,-3.06022984,-1.0493795,3.6
2284,251973,-2.99246204,-1.20183775,2.9
2285,252015,-2.95538579,-1.05953737,4.7
2286,252018,-2.95313403,-1.18394003,3.3
2287,252223,-2.82816162,-1.18037,5.0
2288,252239,-2.81948247,-1.16099244,4.8
2289,252283,-2.79522246,-1.05988353,4.6
2290,252530,-2.64414508,-1.10728138,4.7
2291,252581,-2.61679324,-1.0495154,0.9
2292,252837,-2.4600959,-1.0581972,0.1
2293,252852,-2.45026918,-1.13025767,3.4
2294,253004,-2.35358253,-1.11416603,5.2
2295,253087,-2.29772218,-1.10701876,4.8
2296,253096,-2.29419254,-1.19549634,3.1
2297,253225,-2.21605145,-1.15455508,4.1
2298,253341,-2.13574281,-1.19479074,5.2
2299,253345,-2.13490273,-1.10441812,3.0
2300,253473,-2.04697189,-1.10933665,4.0
2301,253553,-1.9937565,-1.22128804,4.9
2302,253581,-1.9793563,-1.0738162,5.1
2303,253687,-1.91280602,-1.16970289,5.3
2304,253699,-1.90524074,-1.20321006,1.9
2305,253881,-1.75948874,-1.18195947,4.7
2306,253944,-1.71662345,-1.05844959,3.8
2307,254019,-1.6544818,-1.12927588,3.6
2308,254146,-1.55436594,-1.11130805,4.4
2309,254225,-1.4895519,-1.07371502,4.3
2310,254272,-1.45426592,-1.08756343,4.8
2311,254357,-1.39388865,-1.13308816,4.9
2312,254392,-1.36314475,-1.08642591,4.4
2313,254412,-1.34475429,-1.17459243,4.2
2314,254422,-1.33443663,-1.05188929,5.1
2315,254474,-1.28895969,-1.19562879,5.3
2316,254706,-1.06016155,-1.17079639,5.2
2317,254732,-1.03043868,-1.15736375,3.6
2318,254822,-0.90994318,-1.06032306,4.8
2319,254834,-0.90140212,-1.0769319,5.0
2320,254845,-0.89047578,-1.05973037,5.3
2321,254853,-0.88405253,-1.16830716,5.4
2322,254861,-0.87058026,-1.15863401,3.6
2323,254870,-0.85259806,-1.20360092,5.5
2324,254998,-0.68793723,-1.14483302,4.3
2325,255002,-0.67931465,-1.21689873,5.3
2326,255079,-0.58403144,-1.13351058,5.6
2327,255086,-0.58210206,-1.21934849,5.5
2328,255192,-0.45773514,-1.05609403,2.9
2329,255221,-0.41974826,-1.13833365,4.8
2330,255246,-0.39427242,-1.08628939,4.9
2331,255608,-0.02192627,-1.12706241,5.2
2332,255618,-0.01163741,-1.14939167,4.7
2333,255669,0.10103813,-1.35325316,2.9
2334,255709,0.20447551,-1.31240751,5.0
2335,255897,0.66619975,-1.38453256,5.3
2336,255928,0.74513008,-1.31373163,4.7
2337,255944,0.79472717,-1.25834215,5.5
2338,255972,0.86029221,-1.35387861,5.5
2339,255997,0.92395157,-1.3704351,5.6
2340,256028,0.99479871,-1.29839663,3.2
2341,256144,1.29419838,-1.30925258,5.3
2342,256153,1.32363603,-1.24586518,5.3
2343,256200,1.45671136,-1.3330452,5.1
2344,256247,1.54307906,-1.3853038,5.6
2345,256273,1.62199084,-1.30440314,5.1
2346,256343,1.7978119,-1.23746467,5.5
2347,256354,1.83157682,-1.38492361,5.5
2348,256373,1.87265131,-1.22902571,3.9
2349,256414,1.95662813,-1.3786523,5.4
2350,256437,2.0178177,-1.26512465,3.9
2351,256495,2.18101282,-1.33975376,4.1
2352,256496,2.18155692,-1.24539375,5.4
2353,256502,2.1911766,-1.34955674,4.3
2354,256504,2.19276048,-1.27825486,5.4
2355,256534,2.26418547,-1.22536435,5.3
2356,256542,2.28235653,-1.3750177,5.6
2357,256581,2.37815277,-1.26364315,4.5
2358,256582,2.37906674,-1.22761597,4.9
2359,256598,2.43269257,-1.30347069,5.5
2360,256622,2.47236397,-1.24589558,5.5
2361,256633,2.49252456,-1.27163017,5.5
2362,256657,2.55844951,-1.33592548,5.4
2363,256709,2.72013084,-1.28765001,4.1
2364,256721,2.74484892,-1.25201669,4.9
2365,256722,2.74832649,-1.27346582,4.9
2366,256730,2.77024819,-1.36743502,4.1
2367,256893,3.1289919,-1.36036814,5.0
2368,256898,-3.13215828,-1.33066166,5.0
2369,256904,-3.11903049,-1.31054757,5.2
2370,256923,-3.07453332,-1.3794153,4.4
2371,256954,-3.0130786,-1.2541411,4.0
2372,256999,-2.88503128,-1.24406672,3.6
2373,257040,-2.78759064,-1.30246248,5.0
2374,257141,-2.54722819,-1.394171,5.2
2375,257192,-2.4366983,-1.37592852,3.8
2376,257205,-2.4077723,-1.27384295,5.6
2377,257211,-2.3906051,-1.33450124,5.0
2378,257288,-2.24267063,-1.2779071,5.6
2379,257380,-2.03806031,-1.37087982,5.2
2380,257406,-1.98220082,-1.37512698,3.9
2381,257408,-1.96884164,-1.23714595,5.6
2382,257423,-1.93781913,-1.35117709,4.2
2383,257490,-1.76056648,-1.22302013,5.6
2384,257583,-1.49713288,-1.31020194,5.6
2385,257619,-1.4084591,-1.24746511,4.1
2386,257735,-1.11837112,-1.26760534,5.5
2387,257756,-1.06968625,-1.27488462,4.1
2388,257878,-0.79092204,-1.34769079,5.2
2389,257895,-0.74748794,-1.22752856,5.1
2390,257947,-0.62832834,-1.35461902,3.7
2391,258032,-0.43473511,-1.26535813,5.4
2392,258206,-0.00412245,-1.34986746,4.7
2393,258214,0.03407203,-1.43993169,5.3
2394,258272,0.43674335,-1.48393095,5.6
2395,258514,2.37515917,-1.49166567,5.4
2396,258529,2.46915679,-1.40624009,5.4
2397,258553,2.62735692,-1.43069943,5.6
2398,258591,2.81353331,-1.39985,5.5
2399,258653,-2.9255771,-1.48095381,5.4
2400,258692,-2.56643627,-1.40979416,5.0
2401,258697,-2.53661106,-1.45632944,4.1
2402,258798,-1.45831967,-1.52982918,5.2
2403,258856,-0.98152939,-1.55575973,5.5
2404,258913,-0.5957538,-1.44777743,5.5
2405,258927,-0.46014442,-1.40830787,5.1
2406,258940,-0.34438167,-1.42496946,4.3
2407,258945,-0.32370912,-1.40304599,5.5
2408,258988,-0.04694935,-1.43635056,5.1
